position_id,trader_id,strategy_id,instrument_id,account_id,opening_order_id,closing_order_id,entry,side,quantity,peak_qty,ts_opened,ts_last,ts_closed,duration_ns,avg_px_open,avg_px_close,commissions,realized_return,realized_pnl
EUR/USD.SIM-MACDCross-000-a797d186-6f34-4ada-84fb-03b833f592b3,BACKTESTER-001,MACDCross-000,EUR/USD.SIM,SIM-001,O-20250107-080000-001-000-1,O-20250107-120000-001-000-2,BUY,FLAT,0,100000,2025-01-07 08:00:00+00:00,1736251200000000000,2025-01-07 12:00:00+00:00,14400000000000,1.04243,1.03918,['4.16 USD'],-0.00312,-329.16 USD
EUR/USD.SIM-MACDCross-000-ddd4b416-a19a-4c6f-b32c-5771124ca868,BACKTESTER-001,MACDCross-000,EUR/USD.SIM,SIM-001,O-20250108-180000-001-000-3,O-20250110-050000-001-000-4,BUY,FLAT,0,100000,2025-01-08 18:00:00+00:00,1736485200000000000,2025-01-10 05:00:00+00:00,126000000000000,1.03157,1.02881,['4.12 USD'],-0.00268,-280.12 USD
EUR/USD.SIM-MACDCross-000-850e1f90-5b08-455e-8600-06f94c397ace,BACKTESTER-001,MACDCross-000,EUR/USD.SIM,SIM-001,O-20250110-080000-001-000-5,O-20250110-130000-001-000-6,BUY,FLAT,0,100000,2025-01-10 08:00:00+00:00,1736514000000000000,2025-01-10 13:00:00+00:00,18000000000000,1.03061,1.02575,['4.11 USD'],-0.00472,-490.11 USD
EUR/USD.SIM-MACDCross-000-f2271b99-8faa-4cd2-8b54-30204ebda738,BACKTESTER-001,MACDCross-000,EUR/USD.SIM,SIM-001,O-20250113-140000-001-000-7,O-20250115-030000-001-000-8,BUY,FLAT,0,100000,2025-01-13 14:00:00+00:00,1736910000000000000,2025-01-15 03:00:00+00:00,133200000000000,1.02114,1.0305,['4.10 USD'],0.00917,931.90 USD
EUR/USD.SIM-MACDCross-000-20844381-e828-4188-b3d8-63db5b5aec63,BACKTESTER-001,MACDCross-000,EUR/USD.SIM,SIM-001,O-20250115-130000-001-000-9,O-20250115-150000-001-000-10,BUY,FLAT,0,100000,2025-01-15 13:00:00+00:00,1736953200000000000,2025-01-15 15:00:00+00:00,7200000000000,1.03477,1.03082,['4.13 USD'],-0.00382,-399.13 USD
EUR/USD.SIM-MACDCross-000-dac002b9-51f0-4fbc-b2e2-14ddf7410efd,BACKTESTER-001,MACDCross-000,EUR/USD.SIM,SIM-001,O-20250116-160000-001-000-11,O-20250117-040000-001-000-12,BUY,FLAT,0,100000,2025-01-16 16:00:00+00:00,1737086400000000000,2025-01-17 04:00:00+00:00,43200000000000,1.0305,1.02965,['4.12 USD'],-0.00082,-89.12 USD
EUR/USD.SIM-MACDCross-000-ed3b3046-fdea-4012-b5a4-84bbfb8448da,BACKTESTER-001,MACDCross-000,EUR/USD.SIM,SIM-001,O-20250117-110000-001-000-13,O-20250117-120000-001-000-14,BUY,FLAT,0,100000,2025-01-17 11:00:00+00:00,1737115200000000000,2025-01-17 12:00:00+00:00,3600000000000,1.03072,1.02965,['4.12 USD'],-0.00104,-111.12 USD
EUR/USD.SIM-MACDCross-000-798f1d8b-db33-446b-a6dd-96d7a21a9c0a,BACKTESTER-001,MACDCross-000,EUR/USD.SIM,SIM-001,O-20250120-030000-001-000-15,O-20250121-000000-001-000-16,BUY,FLAT,0,100000,2025-01-20 03:00:00+00:00,1737417600000000000,2025-01-21 00:00:00+00:00,75600000000000,1.03082,1.0367,['4.13 USD'],0.0057,583.87 USD
EUR/USD.SIM-MACDCross-000-4ba0ec6c-db80-496d-8303-6f2450ec43a2,BACKTESTER-001,MACDCross-000,EUR/USD.SIM,SIM-001,O-20250121-160000-001-000-17,O-20250122-020000-001-000-18,BUY,FLAT,0,100000,2025-01-21 16:00:00+00:00,1737511200000000000,2025-01-22 02:00:00+00:00,36000000000000,1.04254,1.04156,['4.17 USD'],-0.00094,-102.17 USD
EUR/USD.SIM-MACDCross-000-683f229a-6867-440e-99f4-ed960081abc2,BACKTESTER-001,MACDCross-000,EUR/USD.SIM,SIM-001,O-20250122-090000-001-000-19,O-20250122-140000-001-000-20,BUY,FLAT,0,100000,2025-01-22 09:00:00+00:00,1737554400000000000,2025-01-22 14:00:00+00:00,18000000000000,1.04493,1.04286,['4.18 USD'],-0.00198,-211.18 USD
EUR/USD.SIM-MACDCross-000-0d814a9a-25b6-455d-8818-2804d1de798f,BACKTESTER-001,MACDCross-000,EUR/USD.SIM,SIM-001,O-20250123-140000-001-000-21,O-20250123-150000-001-000-22,BUY,FLAT,0,100000,2025-01-23 14:00:00+00:00,1737644400000000000,2025-01-23 15:00:00+00:00,3600000000000,1.04112,1.03993,['4.16 USD'],-0.00114,-123.16 USD
EUR/USD.SIM-MACDCross-000-2338b96b-3e86-4d34-9deb-a9acfb0d63df,BACKTESTER-001,MACDCross-000,EUR/USD.SIM,SIM-001,O-20250123-160000-001-000-23,O-20250124-200000-001-000-24,BUY,FLAT,0,100000,2025-01-23 16:00:00+00:00,1737748800000000000,2025-01-24 20:00:00+00:00,100800000000000,1.04221,1.04976,['4.18 USD'],0.00724,750.82 USD
EUR/USD.SIM-MACDCross-000-dea297a8-6a29-4fcb-b461-7a499dd3cbc4,BACKTESTER-001,MACDCross-000,EUR/USD.SIM,SIM-001,O-20250127-110000-001-000-25,O-20250127-170000-001-000-26,BUY,FLAT,0,100000,2025-01-27 11:00:00+00:00,1737997200000000000,2025-01-27 17:00:00+00:00,21600000000000,1.05152,1.04921,['4.20 USD'],-0.0022,-235.20 USD
EUR/USD.SIM-MACDCross-000-0dee7e46-829b-463f-8344-85357d192174,BACKTESTER-001,MACDCross-000,EUR/USD.SIM,SIM-001,O-20250128-160000-001-000-27,O-20250129-090000-001-000-28,BUY,FLAT,0,100000,2025-01-28 16:00:00+00:00,1738141200000000000,2025-01-29 09:00:00+00:00,61200000000000,1.04275,1.04058,['4.17 USD'],-0.00208,-221.17 USD
EUR/USD.SIM-MACDCross-000-8930e678-d888-4331-8ad6-42a66a21d2bb,BACKTESTER-001,MACDCross-000,EUR/USD.SIM,SIM-001,O-20250129-160000-001-000-29,O-20250130-090000-001-000-30,BUY,FLAT,0,100000,2025-01-29 16:00:00+00:00,1738227600000000000,2025-01-30 09:00:00+00:00,61200000000000,1.0421,1.04091,['4.16 USD'],-0.00114,-123.16 USD
EUR/USD.SIM-MACDCross-000-67880b29-7d01-4950-83a7-c0c1452d7435,BACKTESTER-001,MACDCross-000,EUR/USD.SIM,SIM-001,O-20250130-130000-001-000-31,O-20250130-210000-001-000-32,BUY,FLAT,0,100000,2025-01-30 13:00:00+00:00,1738270800000000000,2025-01-30 21:00:00+00:00,28800000000000,1.04592,1.0395,['4.17 USD'],-0.00614,-646.17 USD
EUR/USD.SIM-MACDCross-000-dec5e27b-a897-4f78-9c60-4b3f3acead69,BACKTESTER-001,MACDCross-000,EUR/USD.SIM,SIM-001,O-20250131-070000-001-000-33,O-20250131-080000-001-000-34,BUY,FLAT,0,100000,2025-01-31 07:00:00+00:00,1738310400000000000,2025-01-31 08:00:00+00:00,3600000000000,1.0408,1.03875,['4.16 USD'],-0.00197,-209.16 USD
EUR/USD.SIM-MACDCross-000-6b530485-5cd2-4e2d-a94c-4842bc694214,BACKTESTER-001,MACDCross-000,EUR/USD.SIM,SIM-001,O-20250131-150000-001-000-35,O-20250131-210000-001-000-36,BUY,FLAT,0,100000,2025-01-31 15:00:00+00:00,1738357200000000000,2025-01-31 21:00:00+00:00,21600000000000,1.04004,1.03627,['4.15 USD'],-0.00362,-381.15 USD
EUR/USD.SIM-MACDCross-000-bd92475f-aa1f-4602-9431-7594970ff2ae,BACKTESTER-001,MACDCross-000,EUR/USD.SIM,SIM-001,O-20250203-120000-001-000-37,O-20250205-010000-001-000-38,BUY,FLAT,0,100000,2025-02-03 12:00:00+00:00,1738717200000000000,2025-02-05 01:00:00+00:00,133200000000000,1.02585,1.03767,['4.13 USD'],0.01152,1177.87 USD
EUR/USD.SIM-MACDCross-000-fb059500-702b-4714-85c6-711869fbbefd,BACKTESTER-001,MACDCross-000,EUR/USD.SIM,SIM-001,O-20250205-080000-001-000-39,O-20250205-160000-001-000-40,BUY,FLAT,0,100000,2025-02-05 08:00:00+00:00,1738771200000000000,2025-02-05 16:00:00+00:00,28800000000000,1.04058,1.04199,['4.16 USD'],0.00136,136.84 USD
EUR/USD.SIM-MACDCross-000-d167b0a7-0b86-4fa0-8aa3-72c2fc54d8f6,BACKTESTER-001,MACDCross-000,EUR/USD.SIM,SIM-001,O-20250206-180000-001-000-41,O-20250207-120000-001-000-42,BUY,FLAT,0,100000,2025-02-06 18:00:00+00:00,1738929600000000000,2025-02-07 12:00:00+00:00,64800000000000,1.03928,1.03778,['4.16 USD'],-0.00144,-154.16 USD
EUR/USD.SIM-MACDCross-000-f0d2e127-8369-46b0-acb2-54bf1f7140b7,BACKTESTER-001,MACDCross-000,EUR/USD.SIM,SIM-001,O-20250210-080000-001-000-43,O-20250212-050000-001-000-44,BUY,FLAT,0,100000,2025-02-10 08:00:00+00:00,1739336400000000000,2025-02-12 05:00:00+00:00,162000000000000,1.03242,1.03605,['4.13 USD'],0.00352,358.87 USD
EUR/USD.SIM-MACDCross-000-c6a1a224-2984-492c-b316-ee9f42a92fcc,BACKTESTER-001,MACDCross-000,EUR/USD.SIM,SIM-001,O-20250212-070000-001-000-45,O-20250212-130000-001-000-46,BUY,FLAT,0,100000,2025-02-12 07:00:00+00:00,1739365200000000000,2025-02-12 13:00:00+00:00,21600000000000,1.03767,1.0337,['4.15 USD'],-0.00383,-401.15 USD
EUR/USD.SIM-MACDCross-000-4042fba7-16e4-4ad5-be36-babc3078a24c,BACKTESTER-001,MACDCross-000,EUR/USD.SIM,SIM-001,O-20250212-170000-001-000-47,O-20250212-220000-001-000-48,BUY,FLAT,0,100000,2025-02-12 17:00:00+00:00,1739397600000000000,2025-02-12 22:00:00+00:00,18000000000000,1.04297,1.03875,['4.17 USD'],-0.00405,-426.17 USD
EUR/USD.SIM-MACDCross-000-d8206018-4513-4f04-92f2-78ae173c5d53,BACKTESTER-001,MACDCross-000,EUR/USD.SIM,SIM-001,O-20250213-020000-001-000-49,O-20250213-100000-001-000-50,BUY,FLAT,0,100000,2025-02-13 02:00:00+00:00,1739440800000000000,2025-02-13 10:00:00+00:00,28800000000000,1.04069,1.04188,['4.16 USD'],0.00114,114.84 USD
EUR/USD.SIM-MACDCross-000-fa84e45f-287e-4000-8ea0-7e3496ba59ec,BACKTESTER-001,MACDCross-000,EUR/USD.SIM,SIM-001,O-20250213-200000-001-000-51,O-20250214-050000-001-000-52,BUY,FLAT,0,100000,2025-02-13 20:00:00+00:00,1739509200000000000,2025-02-14 05:00:00+00:00,32400000000000,1.04646,1.04559,['4.18 USD'],-0.00083,-91.18 USD
EUR/USD.SIM-MACDCross-000-f3390067-d99b-4e8d-9e8d-e2726697d4b1,BACKTESTER-001,MACDCross-000,EUR/USD.SIM,SIM-001,O-20250214-090000-001-000-53,O-20250214-100000-001-000-54,BUY,FLAT,0,100000,2025-02-14 09:00:00+00:00,1739527200000000000,2025-02-14 10:00:00+00:00,3600000000000,1.04833,1.04679,['4.19 USD'],-0.00147,-158.19 USD
EUR/USD.SIM-MACDCross-000-1f28febc-4d06-4c96-8d24-8413279c492e,BACKTESTER-001,MACDCross-000,EUR/USD.SIM,SIM-001,O-20250214-140000-001-000-55,O-20250214-200000-001-000-56,BUY,FLAT,0,100000,2025-02-14 14:00:00+00:00,1739563200000000000,2025-02-14 20:00:00+00:00,21600000000000,1.05097,1.04943,['4.20 USD'],-0.00147,-158.20 USD
EUR/USD.SIM-MACDCross-000-ebda0485-8be9-4f2f-9927-673905cd9743,BACKTESTER-001,MACDCross-000,EUR/USD.SIM,SIM-001,O-20250218-230000-001-000-57,O-20250219-090000-001-000-58,BUY,FLAT,0,100000,2025-02-18 23:00:00+00:00,1739955600000000000,2025-02-19 09:00:00+00:00,36000000000000,1.04504,1.0433,['4.18 USD'],-0.00167,-178.18 USD
EUR/USD.SIM-MACDCross-000-e12132b6-d53a-4980-ad68-9b87f1043137,BACKTESTER-001,MACDCross-000,EUR/USD.SIM,SIM-001,O-20250219-210000-001-000-59,O-20250221-050000-001-000-60,BUY,FLAT,0,100000,2025-02-19 21:00:00+00:00,1740114000000000000,2025-02-21 05:00:00+00:00,115200000000000,1.04264,1.04965,['4.19 USD'],0.00672,696.81 USD
EUR/USD.SIM-MACDCross-000-7f78d482-2089-413b-ad66-2394103b3011,BACKTESTER-001,MACDCross-000,EUR/USD.SIM,SIM-001,O-20250224-000000-001-000-61,O-20250224-080000-001-000-62,BUY,FLAT,0,100000,2025-02-24 00:00:00+00:00,1740384000000000000,2025-02-24 08:00:00+00:00,28800000000000,1.05064,1.04822,['4.20 USD'],-0.0023,-246.20 USD
EUR/USD.SIM-MACDCross-000-d1b4e76c-bec8-472e-b14f-872b92091087,BACKTESTER-001,MACDCross-000,EUR/USD.SIM,SIM-001,O-20250225-030000-001-000-63,O-20250226-030000-001-000-64,BUY,FLAT,0,100000,2025-02-25 03:00:00+00:00,1740538800000000000,2025-02-26 03:00:00+00:00,86400000000000,1.04756,1.05075,['4.20 USD'],0.00305,314.80 USD
EUR/USD.SIM-MACDCross-000-30ee6ebe-ae5f-40a5-9052-af9acd2ca2b4,BACKTESTER-001,MACDCross-000,EUR/USD.SIM,SIM-001,O-20250227-090000-001-000-65,O-20250227-130000-001-000-66,BUY,FLAT,0,100000,2025-02-27 09:00:00+00:00,1740661200000000000,2025-02-27 13:00:00+00:00,14400000000000,1.04855,1.04264,['4.19 USD'],-0.00564,-595.19 USD
EUR/USD.SIM-MACDCross-000-8223efef-dee1-45f9-9df6-539175c3435c,BACKTESTER-001,MACDCross-000,EUR/USD.SIM,SIM-001,O-20250228-060000-001-000-67,O-20250228-190000-001-000-68,BUY,FLAT,0,100000,2025-02-28 06:00:00+00:00,1740769200000000000,2025-02-28 19:00:00+00:00,46800000000000,1.03885,1.03702,['4.15 USD'],-0.00176,-187.15 USD
EUR/USD.SIM-MACDCross-000-54a9f5c3-409b-4a27-892b-27e04f9a5f37,BACKTESTER-001,MACDCross-000,EUR/USD.SIM,SIM-001,O-20250303-000000-001-000-69,O-20250304-010000-001-000-70,BUY,FLAT,0,100000,2025-03-03 00:00:00+00:00,1741050000000000000,2025-03-04 01:00:00+00:00,90000000000000,1.04123,1.04899,['4.18 USD'],0.00745,771.82 USD
EUR/USD.SIM-MACDCross-000-bf7b7848-5d0d-4738-bff2-eb62c88d733b,BACKTESTER-001,MACDCross-000,EUR/USD.SIM,SIM-001,O-20250304-090000-001-000-71,O-20250305-060000-001-000-72,BUY,FLAT,0,100000,2025-03-04 09:00:00+00:00,1741154400000000000,2025-03-05 06:00:00+00:00,75600000000000,1.05152,1.06349,['4.23 USD'],0.01138,1192.77 USD
EUR/USD.SIM-MACDCross-000-c2646967-10d1-453a-b204-5c6d4161cebc,BACKTESTER-001,MACDCross-000,EUR/USD.SIM,SIM-001,O-20250305-070000-001-000-73,O-20250306-000000-001-000-74,BUY,FLAT,0,100000,2025-03-05 07:00:00+00:00,1741219200000000000,2025-03-06 00:00:00+00:00,61200000000000,1.06769,1.0798,['4.30 USD'],0.01134,1206.70 USD
EUR/USD.SIM-MACDCross-000-28f3ae5d-c00a-493b-ba3f-0b9c736c3a87,BACKTESTER-001,MACDCross-000,EUR/USD.SIM,SIM-001,O-20250307-070000-001-000-75,O-20250307-170000-001-000-76,BUY,FLAT,0,100000,2025-03-07 07:00:00+00:00,1741366800000000000,2025-03-07 17:00:00+00:00,36000000000000,1.08331,1.0846,['4.34 USD'],0.00119,124.66 USD
EUR/USD.SIM-MACDCross-000-35ef4311-3cfc-4aca-a1ed-4aa574412ec6,BACKTESTER-001,MACDCross-000,EUR/USD.SIM,SIM-001,O-20250311-000000-001-000-77,O-20250311-210000-001-000-78,BUY,FLAT,0,100000,2025-03-11 00:00:00+00:00,1741726800000000000,2025-03-11 21:00:00+00:00,75600000000000,1.08554,1.09146,['4.35 USD'],0.00545,587.65 USD
EUR/USD.SIM-MACDCross-000-1c57dff8-fecb-4149-b1bd-116dbe027091,BACKTESTER-001,MACDCross-000,EUR/USD.SIM,SIM-001,O-20250313-220000-001-000-79,O-20250314-010000-001-000-80,BUY,FLAT,0,100000,2025-03-13 22:00:00+00:00,1741914000000000000,2025-03-14 01:00:00+00:00,10800000000000,1.08554,1.08436,['4.34 USD'],-0.00109,-122.34 USD
EUR/USD.SIM-MACDCross-000-b91dd9f5-33de-46d6-ade6-455f7c2e3861,BACKTESTER-001,MACDCross-000,EUR/USD.SIM,SIM-001,O-20250314-050000-001-000-81,O-20250317-050000-001-000-82,BUY,FLAT,0,100000,2025-03-14 05:00:00+00:00,1742187600000000000,2025-03-17 05:00:00+00:00,259200000000000,1.08542,1.08802,['4.35 USD'],0.0024,255.65 USD
EUR/USD.SIM-MACDCross-000-da730135-d95b-4916-8629-a3862eede7a4,BACKTESTER-001,MACDCross-000,EUR/USD.SIM,SIM-001,O-20250317-090000-001-000-83,O-20250318-000000-001-000-84,BUY,FLAT,0,100000,2025-03-17 09:00:00+00:00,1742256000000000000,2025-03-18 00:00:00+00:00,54000000000000,1.09016,1.09194,['4.36 USD'],0.00163,173.64 USD
EUR/USD.SIM-MACDCross-000-2b8b989b-41ae-4245-855c-bfed9d529443,BACKTESTER-001,MACDCross-000,EUR/USD.SIM,SIM-001,O-20250318-080000-001-000-85,O-20250318-110000-001-000-86,BUY,FLAT,0,100000,2025-03-18 08:00:00+00:00,1742295600000000000,2025-03-18 11:00:00+00:00,10800000000000,1.09553,1.09194,['4.37 USD'],-0.00328,-363.37 USD
EUR/USD.SIM-MACDCross-000-a52927f4-af82-4666-9570-ed7205c7efc8,BACKTESTER-001,MACDCross-000,EUR/USD.SIM,SIM-001,O-20250318-170000-001-000-87,O-20250319-000000-001-000-88,BUY,FLAT,0,100000,2025-03-18 17:00:00+00:00,1742342400000000000,2025-03-19 00:00:00+00:00,25200000000000,1.09517,1.09385,['4.38 USD'],-0.00121,-136.38 USD
EUR/USD.SIM-MACDCross-000-e843a266-b4a3-4d74-af44-86a71d0835e1,BACKTESTER-001,MACDCross-000,EUR/USD.SIM,SIM-001,O-20250319-200000-001-000-89,O-20250320-070000-001-000-90,BUY,FLAT,0,100000,2025-03-19 20:00:00+00:00,1742454000000000000,2025-03-20 07:00:00+00:00,39600000000000,1.09063,1.08826,['4.36 USD'],-0.00217,-241.36 USD
EUR/USD.SIM-MACDCross-000-79c8d514-16c0-4a89-90c8-4cdae0f7d54d,BACKTESTER-001,MACDCross-000,EUR/USD.SIM,SIM-001,O-20250320-190000-001-000-91,O-20250321-050000-001-000-92,BUY,FLAT,0,100000,2025-03-20 19:00:00+00:00,1742533200000000000,2025-03-21 05:00:00+00:00,36000000000000,1.08566,1.08319,['4.34 USD'],-0.00228,-251.34 USD
EUR/USD.SIM-MACDCross-000-c3146c6a-c45f-460a-ac15-2eff94a4d757,BACKTESTER-001,MACDCross-000,EUR/USD.SIM,SIM-001,O-20250321-070000-001-000-93,O-20250321-150000-001-000-94,BUY,FLAT,0,100000,2025-03-21 07:00:00+00:00,1742569200000000000,2025-03-21 15:00:00+00:00,28800000000000,1.08401,1.0812,['4.33 USD'],-0.00259,-285.33 USD
EUR/USD.SIM-MACDCross-000-72651f07-d732-4da0-9d0d-903226e5c8ca,BACKTESTER-001,MACDCross-000,EUR/USD.SIM,SIM-001,O-20250324-000000-001-000-95,O-20250324-130000-001-000-96,BUY,FLAT,0,100000,2025-03-24 00:00:00+00:00,1742821200000000000,2025-03-24 13:00:00+00:00,46800000000000,1.08401,1.07991,['4.33 USD'],-0.00378,-414.33 USD
EUR/USD.SIM-MACDCross-000-c8b1fcc0-76d7-4246-8849-87a17f247f38,BACKTESTER-001,MACDCross-000,EUR/USD.SIM,SIM-001,O-20250325-010000-001-000-97,O-20250325-080000-001-000-98,BUY,FLAT,0,100000,2025-03-25 01:00:00+00:00,1742889600000000000,2025-03-25 08:00:00+00:00,25200000000000,1.0805,1.07933,['4.32 USD'],-0.00108,-121.32 USD
EUR/USD.SIM-MACDCross-000-22d75aa8-706e-416d-a096-c2f91da08914,BACKTESTER-001,MACDCross-000,EUR/USD.SIM,SIM-001,O-20250325-090000-001-000-99,O-20250325-190000-001-000-100,BUY,FLAT,0,100000,2025-03-25 09:00:00+00:00,1742929200000000000,2025-03-25 19:00:00+00:00,36000000000000,1.08038,1.0798,['4.32 USD'],-0.00054,-62.32 USD
EUR/USD.SIM-MACDCross-000-2cec0a61-4e73-4c53-8925-d6f82ca656b7,BACKTESTER-001,MACDCross-000,EUR/USD.SIM,SIM-001,O-20250326-080000-001-000-101,O-20250326-130000-001-000-102,BUY,FLAT,0,100000,2025-03-26 08:00:00+00:00,1742994000000000000,2025-03-26 13:00:00+00:00,18000000000000,1.08015,1.07759,['4.32 USD'],-0.00237,-260.32 USD
EUR/USD.SIM-MACDCross-000-1c381d9e-320b-48b9-9149-2a708ad0cc18,BACKTESTER-001,MACDCross-000,EUR/USD.SIM,SIM-001,O-20250326-140000-001-000-103,O-20250326-150000-001-000-104,BUY,FLAT,0,100000,2025-03-26 14:00:00+00:00,1743001200000000000,2025-03-26 15:00:00+00:00,3600000000000,1.07933,1.0784,['4.32 USD'],-0.00086,-97.32 USD
EUR/USD.SIM-MACDCross-000-48f39823-20fa-4188-895c-02d1e972fd74,BACKTESTER-001,MACDCross-000,EUR/USD.SIM,SIM-001,O-20250326-160000-001-000-105,O-20250326-170000-001-000-106,BUY,FLAT,0,100000,2025-03-26 16:00:00+00:00,1743008400000000000,2025-03-26 17:00:00+00:00,3600000000000,1.07898,1.07596,['4.31 USD'],-0.0028,-306.31 USD
EUR/USD.SIM-MACDCross-000-c5f21670-ba99-4752-bf6f-5f798e54552f,BACKTESTER-001,MACDCross-000,EUR/USD.SIM,SIM-001,O-20250327-020000-001-000-107,O-20250328-030000-001-000-108,BUY,FLAT,0,100000,2025-03-27 02:00:00+00:00,1743130800000000000,2025-03-28 03:00:00+00:00,90000000000000,1.07793,1.07945,['4.32 USD'],0.00141,147.68 USD
EUR/USD.SIM-MACDCross-000-879fe774-6b20-45ba-8c5c-2974f9340bd1,BACKTESTER-001,MACDCross-000,EUR/USD.SIM,SIM-001,O-20250328-130000-001-000-109,O-20250331-070000-001-000-110,BUY,FLAT,0,100000,2025-03-28 13:00:00+00:00,1743404400000000000,2025-03-31 07:00:00+00:00,237600000000000,1.08143,1.08342,['4.33 USD'],0.00184,194.67 USD
EUR/USD.SIM-MACDCross-000-3e528dd4-e141-4ed5-8858-258223006c15,BACKTESTER-001,MACDCross-000,EUR/USD.SIM,SIM-001,O-20250401-000000-001-000-111,O-20250401-050000-001-000-112,BUY,FLAT,0,100000,2025-04-01 00:00:00+00:00,1743483600000000000,2025-04-01 05:00:00+00:00,18000000000000,1.08284,1.08108,['4.33 USD'],-0.00163,-180.33 USD
EUR/USD.SIM-MACDCross-000-12cf1579-c2c2-4955-a64e-e8a89e851ed3,BACKTESTER-001,MACDCross-000,EUR/USD.SIM,SIM-001,O-20250401-230000-001-000-113,O-20250403-170000-001-000-114,BUY,FLAT,0,100000,2025-04-01 23:00:00+00:00,1743699600000000000,2025-04-03 17:00:00+00:00,151200000000000,1.0798,1.10302,['4.37 USD'],0.0215,2317.63 USD
EUR/USD.SIM-MACDCross-000-331a9465-2e06-4e94-8483-a9ead67067f7,BACKTESTER-001,MACDCross-000,EUR/USD.SIM,SIM-001,O-20250407-050000-001-000-115,O-20250407-130000-001-000-116,BUY,FLAT,0,100000,2025-04-07 05:00:00+00:00,1744030800000000000,2025-04-07 13:00:00+00:00,28800000000000,1.10193,1.09421,['4.39 USD'],-0.00701,-776.39 USD
EUR/USD.SIM-MACDCross-000-ca0e562d-9018-4199-98df-594d1bbdf928,BACKTESTER-001,MACDCross-000,EUR/USD.SIM,SIM-001,O-20250408-000000-001-000-117,O-20250408-100000-001-000-118,BUY,FLAT,0,100000,2025-04-08 00:00:00+00:00,1744106400000000000,2025-04-08 10:00:00+00:00,36000000000000,1.09421,1.09302,['4.38 USD'],-0.00109,-123.38 USD
EUR/USD.SIM-MACDCross-000-f170eac4-14b5-4fd4-92d7-1934ac646f8c,BACKTESTER-001,MACDCross-000,EUR/USD.SIM,SIM-001,O-20250408-120000-001-000-119,O-20250408-140000-001-000-120,BUY,FLAT,0,100000,2025-04-08 12:00:00+00:00,1744120800000000000,2025-04-08 14:00:00+00:00,7200000000000,1.09505,1.09135,['4.37 USD'],-0.00338,-374.37 USD
EUR/USD.SIM-MACDCross-000-56d4cdc3-454a-46a9-81c3-fc1911aa9a49,BACKTESTER-001,MACDCross-000,EUR/USD.SIM,SIM-001,O-20250408-180000-001-000-121,O-20250409-140000-001-000-122,BUY,FLAT,0,100000,2025-04-08 18:00:00+00:00,1744207200000000000,2025-04-09 14:00:00+00:00,72000000000000,1.09553,1.10424,['4.40 USD'],0.00795,866.60 USD
EUR/USD.SIM-MACDCross-000-91819125-c67b-4e00-a016-ce5a9a45c435,BACKTESTER-001,MACDCross-000,EUR/USD.SIM,SIM-001,O-20250410-070000-001-000-123,O-20250411-110000-001-000-124,BUY,FLAT,0,100000,2025-04-10 07:00:00+00:00,1744369200000000000,2025-04-11 11:00:00+00:00,100800000000000,1.10314,1.13289,['4.48 USD'],0.02697,2970.52 USD
EUR/USD.SIM-MACDCross-000-bde6b84d-830a-42c0-9ff6-2cceb8984977,BACKTESTER-001,MACDCross-000,EUR/USD.SIM,SIM-001,O-20250416-000000-001-000-125,O-20250417-000000-001-000-126,BUY,FLAT,0,100000,2025-04-16 00:00:00+00:00,1744848000000000000,2025-04-17 00:00:00+00:00,86400000000000,1.13199,1.13701,['4.53 USD'],0.00443,497.47 USD
EUR/USD.SIM-MACDCross-000-e4284d71-3df5-4e26-899b-7b030ba8809f,BACKTESTER-001,MACDCross-000,EUR/USD.SIM,SIM-001,O-20250417-210000-001-000-127,O-20250418-060000-001-000-128,BUY,FLAT,0,100000,2025-04-17 21:00:00+00:00,1744956000000000000,2025-04-18 06:00:00+00:00,32400000000000,1.1374,1.13675,['4.54 USD'],-0.00057,-69.54 USD
EUR/USD.SIM-MACDCross-000-c60eab6b-330b-4082-8c51-1f95978e8f3d,BACKTESTER-001,MACDCross-000,EUR/USD.SIM,SIM-001,O-20250418-100000-001-000-129,O-20250421-140000-001-000-130,BUY,FLAT,0,100000,2025-04-18 10:00:00+00:00,1745244000000000000,2025-04-21 14:00:00+00:00,273600000000000,1.13779,1.15009,['4.58 USD'],0.01081,1225.42 USD
EUR/USD.SIM-MACDCross-000-e54de540-d2ef-422b-86a6-610ff081e2e6,BACKTESTER-001,MACDCross-000,EUR/USD.SIM,SIM-001,O-20250423-070000-001-000-131,O-20250423-140000-001-000-132,BUY,FLAT,0,100000,2025-04-23 07:00:00+00:00,1745416800000000000,2025-04-23 14:00:00+00:00,25200000000000,1.13869,1.13533,['4.55 USD'],-0.00295,-340.55 USD
EUR/USD.SIM-MACDCross-000-c0e340cb-8922-42e2-9439-2d1c1f25fdfb,BACKTESTER-001,MACDCross-000,EUR/USD.SIM,SIM-001,O-20250424-000000-001-000-133,O-20250425-000000-001-000-134,BUY,FLAT,0,100000,2025-04-24 00:00:00+00:00,1745539200000000000,2025-04-25 00:00:00+00:00,86400000000000,1.13482,1.13507,['4.54 USD'],0.00022,20.46 USD
EUR/USD.SIM-MACDCross-000-fe974a20-25cd-4a52-a478-25f3a4c1f32c,BACKTESTER-001,MACDCross-000,EUR/USD.SIM,SIM-001,O-20250425-110000-001-000-135,O-20250427-230000-001-000-136,BUY,FLAT,0,100000,2025-04-25 11:00:00+00:00,1745794800000000000,2025-04-27 23:00:00+00:00,216000000000000,1.13533,1.13482,['4.54 USD'],-0.00045,-55.54 USD
EUR/USD.SIM-MACDCross-000-a35e8f35-406b-4e4b-8e23-e98f732f3fe5,BACKTESTER-001,MACDCross-000,EUR/USD.SIM,SIM-001,O-20250428-040000-001-000-137,O-20250428-060000-001-000-138,BUY,FLAT,0,100000,2025-04-28 04:00:00+00:00,1745820000000000000,2025-04-28 06:00:00+00:00,7200000000000,1.13753,1.13353,['4.55 USD'],-0.00352,-404.55 USD
EUR/USD.SIM-MACDCross-000-b87f9431-9b9d-4fc2-95af-03a70b2165b1,BACKTESTER-001,MACDCross-000,EUR/USD.SIM,SIM-001,O-20250428-130000-001-000-139,O-20250429-020000-001-000-140,BUY,FLAT,0,100000,2025-04-28 13:00:00+00:00,1745892000000000000,2025-04-29 02:00:00+00:00,46800000000000,1.13688,1.14025,['4.55 USD'],0.00296,332.45 USD
EUR/USD.SIM-MACDCross-000-1519a149-1dd3-4633-a32c-6957bc1d7758,BACKTESTER-001,MACDCross-000,EUR/USD.SIM,SIM-001,O-20250501-080000-001-000-141,O-20250501-150000-001-000-142,BUY,FLAT,0,100000,2025-05-01 08:00:00+00:00,1746111600000000000,2025-05-01 15:00:00+00:00,25200000000000,1.1325,1.12841,['4.53 USD'],-0.00361,-413.53 USD
EUR/USD.SIM-MACDCross-000-0b8c0379-0589-492a-85d1-d7928c3317df,BACKTESTER-001,MACDCross-000,EUR/USD.SIM,SIM-001,O-20250501-210000-001-000-143,O-20250502-170000-001-000-144,BUY,FLAT,0,100000,2025-05-01 21:00:00+00:00,1746205200000000000,2025-05-02 17:00:00+00:00,72000000000000,1.12943,1.13084,['4.52 USD'],0.00125,136.48 USD
EUR/USD.SIM-MACDCross-000-e490d6cd-1c80-4711-b0ba-a882f4f4920b,BACKTESTER-001,MACDCross-000,EUR/USD.SIM,SIM-001,O-20250505-020000-001-000-145,O-20250505-070000-001-000-146,BUY,FLAT,0,100000,2025-05-05 02:00:00+00:00,1746428400000000000,2025-05-05 07:00:00+00:00,18000000000000,1.13456,1.13173,['4.53 USD'],-0.00249,-287.53 USD
EUR/USD.SIM-MACDCross-000-07e1dedc-ca7a-413e-b741-8f0c52538570,BACKTESTER-001,MACDCross-000,EUR/USD.SIM,SIM-001,O-20250505-090000-001-000-147,O-20250505-150000-001-000-148,BUY,FLAT,0,100000,2025-05-05 09:00:00+00:00,1746457200000000000,2025-05-05 15:00:00+00:00,21600000000000,1.1343,1.13173,['4.53 USD'],-0.00227,-261.53 USD
EUR/USD.SIM-MACDCross-000-76bd44c6-4495-4936-a85d-2a81fe1cc290,BACKTESTER-001,MACDCross-000,EUR/USD.SIM,SIM-001,O-20250506-040000-001-000-149,O-20250506-230000-001-000-150,BUY,FLAT,0,100000,2025-05-06 04:00:00+00:00,1746572400000000000,2025-05-06 23:00:00+00:00,68400000000000,1.13289,1.1343,['4.54 USD'],0.00124,136.46 USD
EUR/USD.SIM-MACDCross-000-7da38c32-9b8d-4c14-9ec8-6285c08e41b4,BACKTESTER-001,MACDCross-000,EUR/USD.SIM,SIM-001,O-20250507-060000-001-000-151,O-20250507-090000-001-000-152,BUY,FLAT,0,100000,2025-05-07 06:00:00+00:00,1746608400000000000,2025-05-07 09:00:00+00:00,10800000000000,1.13804,1.13611,['4.55 USD'],-0.0017,-197.55 USD
EUR/USD.SIM-MACDCross-000-e8bf00bc-6649-4fc8-9ee2-030520a1b9ce,BACKTESTER-001,MACDCross-000,EUR/USD.SIM,SIM-001,O-20250507-100000-001-000-153,O-20250507-110000-001-000-154,BUY,FLAT,0,100000,2025-05-07 10:00:00+00:00,1746615600000000000,2025-05-07 11:00:00+00:00,3600000000000,1.13675,1.13611,['4.54 USD'],-0.00056,-68.54 USD
EUR/USD.SIM-MACDCross-000-738932ef-302e-43b8-951c-8d50038c87db,BACKTESTER-001,MACDCross-000,EUR/USD.SIM,SIM-001,O-20250508-130000-001-000-155,O-20250508-140000-001-000-156,BUY,FLAT,0,100000,2025-05-08 13:00:00+00:00,1746712800000000000,2025-05-08 14:00:00+00:00,3600000000000,1.13097,1.12829,['4.52 USD'],-0.00237,-272.52 USD
EUR/USD.SIM-MACDCross-000-7983d10e-64e5-42cb-bc23-3775e0b0134b,BACKTESTER-001,MACDCross-000,EUR/USD.SIM,SIM-001,O-20250509-040000-001-000-157,O-20250512-000000-001-000-158,BUY,FLAT,0,100000,2025-05-09 04:00:00+00:00,1747008000000000000,2025-05-12 00:00:00+00:00,244800000000000,1.12322,1.1241,['4.50 USD'],0.00078,83.50 USD
EUR/USD.SIM-MACDCross-000-07f43177-09f0-4c0f-90df-35084d7c2435,BACKTESTER-001,MACDCross-000,EUR/USD.SIM,SIM-001,O-20250512-220000-001-000-159,O-20250514-060000-001-000-160,BUY,FLAT,0,100000,2025-05-12 22:00:00+00:00,1747202400000000000,2025-05-14 06:00:00+00:00,115200000000000,1.10963,1.11907,['4.46 USD'],0.00851,939.54 USD
EUR/USD.SIM-MACDCross-000-f7a3308f-c3c7-4d19-b30f-d7eddc7317d3,BACKTESTER-001,MACDCross-000,EUR/USD.SIM,SIM-001,O-20250514-070000-001-000-161,O-20250514-140000-001-000-162,BUY,FLAT,0,100000,2025-05-14 07:00:00+00:00,1747231200000000000,2025-05-14 14:00:00+00:00,25200000000000,1.12183,1.12145,['4.48 USD'],-0.00034,-42.48 USD
EUR/USD.SIM-MACDCross-000-b3e3c74e-8212-4105-8e16-c799bc124f95,BACKTESTER-001,MACDCross-000,EUR/USD.SIM,SIM-001,O-20250515-060000-001-000-163,O-20250515-110000-001-000-164,BUY,FLAT,0,100000,2025-05-15 06:00:00+00:00,1747306800000000000,2025-05-15 11:00:00+00:00,18000000000000,1.12309,1.11844,['4.49 USD'],-0.00414,-469.49 USD
EUR/USD.SIM-MACDCross-000-e561bcf4-47d4-4396-a2ec-ffbc708d08a8,BACKTESTER-001,MACDCross-000,EUR/USD.SIM,SIM-001,O-20250515-120000-001-000-165,O-20250515-130000-001-000-166,BUY,FLAT,0,100000,2025-05-15 12:00:00+00:00,1747314000000000000,2025-05-15 13:00:00+00:00,3600000000000,1.12145,1.12032,['4.48 USD'],-0.00101,-117.48 USD
EUR/USD.SIM-MACDCross-000-7596eca2-344f-493f-b61a-8f96ea4954cb,BACKTESTER-001,MACDCross-000,EUR/USD.SIM,SIM-001,O-20250516-000000-001-000-167,O-20250516-100000-001-000-168,BUY,FLAT,0,100000,2025-05-16 00:00:00+00:00,1747389600000000000,2025-05-16 10:00:00+00:00,36000000000000,1.12082,1.1202,['4.48 USD'],-0.00055,-66.48 USD
EUR/USD.SIM-MACDCross-000-694e54d4-f4e4-4f45-8e88-f70dd0e4f178,BACKTESTER-001,MACDCross-000,EUR/USD.SIM,SIM-001,O-20250519-000000-001-000-169,O-20250519-170000-001-000-170,BUY,FLAT,0,100000,2025-05-19 00:00:00+00:00,1747674000000000000,2025-05-19 17:00:00+00:00,61200000000000,1.12007,1.12334,['4.49 USD'],0.00292,322.51 USD
EUR/USD.SIM-MACDCross-000-78b5a0b5-7a72-4164-bba0-9dcf4ff3a6bb,BACKTESTER-001,MACDCross-000,EUR/USD.SIM,SIM-001,O-20250520-070000-001-000-171,O-20250520-100000-001-000-172,BUY,FLAT,0,100000,2025-05-20 07:00:00+00:00,1747735200000000000,2025-05-20 10:00:00+00:00,10800000000000,1.12816,1.12473,['4.51 USD'],-0.00304,-347.51 USD
EUR/USD.SIM-MACDCross-000-a1cb5319-bb95-4542-b183-08db195439ea,BACKTESTER-001,MACDCross-000,EUR/USD.SIM,SIM-001,O-20250520-170000-001-000-173,O-20250521-120000-001-000-174,BUY,FLAT,0,100000,2025-05-20 17:00:00+00:00,1747828800000000000,2025-05-21 12:00:00+00:00,68400000000000,1.12765,1.13366,['4.53 USD'],0.00533,596.47 USD
EUR/USD.SIM-MACDCross-000-5683d61c-ff06-47f9-ba06-406de826f37c,BACKTESTER-001,MACDCross-000,EUR/USD.SIM,SIM-001,O-20250523-000000-001-000-175,O-20250526-080000-001-000-176,BUY,FLAT,0,100000,2025-05-23 00:00:00+00:00,1748246400000000000,2025-05-26 08:00:00+00:00,288000000000000,1.13007,1.13882,['4.54 USD'],0.00774,870.46 USD
EUR/USD.SIM-MACDCross-000-4ab80c1e-90f1-47a7-8d75-061e0fd55b55,BACKTESTER-001,MACDCross-000,EUR/USD.SIM,SIM-001,O-20250528-000000-001-000-177,O-20250528-010000-001-000-178,BUY,FLAT,0,100000,2025-05-28 00:00:00+00:00,1748394000000000000,2025-05-28 01:00:00+00:00,3600000000000,1.13379,1.13212,['4.53 USD'],-0.00147,-171.53 USD
EUR/USD.SIM-MACDCross-000-e4432429-523f-4da0-aedd-137dfb3678ec,BACKTESTER-001,MACDCross-000,EUR/USD.SIM,SIM-001,O-20250528-070000-001-000-179,O-20250528-150000-001-000-180,BUY,FLAT,0,100000,2025-05-28 07:00:00+00:00,1748444400000000000,2025-05-28 15:00:00+00:00,28800000000000,1.13302,1.1288,['4.53 USD'],-0.00372,-426.53 USD
EUR/USD.SIM-MACDCross-000-46651791-d16f-4a00-a629-145cfb8af1d4,BACKTESTER-001,MACDCross-000,EUR/USD.SIM,SIM-001,O-20250528-220000-001-000-181,O-20250528-230000-001-000-182,BUY,FLAT,0,100000,2025-05-28 22:00:00+00:00,1748473200000000000,2025-05-28 23:00:00+00:00,3600000000000,1.12943,1.12309,['4.51 USD'],-0.00561,-638.51 USD
EUR/USD.SIM-MACDCross-000-047a7dc5-9284-4383-9413-0697f527941d,BACKTESTER-001,MACDCross-000,EUR/USD.SIM,SIM-001,O-20250529-070000-001-000-183,O-20250530-020000-001-000-184,BUY,FLAT,0,100000,2025-05-29 07:00:00+00:00,1748570400000000000,2025-05-30 02:00:00+00:00,68400000000000,1.12803,1.1352,['4.53 USD'],0.00636,712.47 USD
EUR/USD.SIM-MACDCross-000-db757b1b-24f7-4a81-89a4-3b4b7c7b0d6a,BACKTESTER-001,MACDCross-000,EUR/USD.SIM,SIM-001,O-20250530-180000-001-000-185,O-20250603-000000-001-000-186,BUY,FLAT,0,100000,2025-05-30 18:00:00+00:00,1748908800000000000,2025-06-03 00:00:00+00:00,280800000000000,1.13623,1.14469,['4.56 USD'],0.00745,841.44 USD
EUR/USD.SIM-MACDCross-000-f9c8e542-3194-407f-9c65-c2fc81b7b239,BACKTESTER-001,MACDCross-000,EUR/USD.SIM,SIM-001,O-20250604-010000-001-000-187,O-20250604-030000-001-000-188,BUY,FLAT,0,100000,2025-06-04 01:00:00+00:00,1749006000000000000,2025-06-04 03:00:00+00:00,7200000000000,1.13882,1.13714,['4.55 USD'],-0.00148,-172.55 USD
EUR/USD.SIM-MACDCross-000-c324dc68-5e79-401e-9465-3e5ff0c91df5,BACKTESTER-001,MACDCross-000,EUR/USD.SIM,SIM-001,O-20250604-060000-001-000-189,O-20250605-030000-001-000-190,BUY,FLAT,0,100000,2025-06-04 06:00:00+00:00,1749092400000000000,2025-06-05 03:00:00+00:00,75600000000000,1.13804,1.14142,['4.56 USD'],0.00297,333.44 USD
EUR/USD.SIM-MACDCross-000-c025188b-dfe7-4ab7-b853-c3d44425f590,BACKTESTER-001,MACDCross-000,EUR/USD.SIM,SIM-001,O-20250605-120000-001-000-191,O-20250605-210000-001-000-192,BUY,FLAT,0,100000,2025-06-05 12:00:00+00:00,1749157200000000000,2025-06-05 21:00:00+00:00,32400000000000,1.14325,1.14456,['4.58 USD'],0.00115,126.42 USD
EUR/USD.SIM-MACDCross-000-8fbf8c91-5e16-46bf-b51a-79ef3ae9bb5d,BACKTESTER-001,MACDCross-000,EUR/USD.SIM,SIM-001,O-20250605-220000-001-000-193,O-20250606-010000-001-000-194,BUY,FLAT,0,100000,2025-06-05 22:00:00+00:00,1749171600000000000,2025-06-06 01:00:00+00:00,10800000000000,1.14548,1.14456,['4.58 USD'],-0.0008,-96.58 USD
EUR/USD.SIM-MACDCross-000-7c83e0f0-9afd-4a62-9675-698cc01792ec,BACKTESTER-001,MACDCross-000,EUR/USD.SIM,SIM-001,O-20250609-010000-001-000-195,O-20250609-130000-001-000-196,BUY,FLAT,0,100000,2025-06-09 01:00:00+00:00,1749474000000000000,2025-06-09 13:00:00+00:00,43200000000000,1.14181,1.14025,['4.56 USD'],-0.00137,-160.56 USD
EUR/USD.SIM-MACDCross-000-5a12e706-5ac2-4611-8c99-c3f81ef7be35,BACKTESTER-001,MACDCross-000,EUR/USD.SIM,SIM-001,O-20250609-150000-001-000-197,O-20250610-010000-001-000-198,BUY,FLAT,0,100000,2025-06-09 15:00:00+00:00,1749517200000000000,2025-06-10 01:00:00+00:00,36000000000000,1.14286,1.14012,['4.57 USD'],-0.0024,-278.57 USD
EUR/USD.SIM-MACDCross-000-f5c0d5c4-e087-4a05-8185-75113cc3ba90,BACKTESTER-001,MACDCross-000,EUR/USD.SIM,SIM-001,O-20250610-100000-001-000-199,O-20250611-010000-001-000-200,BUY,FLAT,0,100000,2025-06-10 10:00:00+00:00,1749603600000000000,2025-06-11 01:00:00+00:00,54000000000000,1.1426,1.14116,['4.57 USD'],-0.00126,-148.57 USD
EUR/USD.SIM-MACDCross-000-d88064d4-8bcc-4ea2-9c06-e21168449594,BACKTESTER-001,MACDCross-000,EUR/USD.SIM,SIM-001,O-20250611-090000-001-000-201,O-20250612-170000-001-000-202,BUY,FLAT,0,100000,2025-06-11 09:00:00+00:00,1749747600000000000,2025-06-12 17:00:00+00:00,115200000000000,1.14377,1.15794,['4.61 USD'],0.01239,1412.39 USD
EUR/USD.SIM-MACDCross-000-a28e99da-4545-44cd-97b5-f63cdc9c3d1d,BACKTESTER-001,MACDCross-000,EUR/USD.SIM,SIM-001,O-20250613-160000-001-000-203,O-20250616-010000-001-000-204,BUY,FLAT,0,100000,2025-06-13 16:00:00+00:00,1750035600000000000,2025-06-16 01:00:00+00:00,205200000000000,1.1558,1.15354,['4.62 USD'],-0.00196,-230.62 USD
EUR/USD.SIM-MACDCross-000-52c5d4fc-9e48-4062-a506-b00e981eba17,BACKTESTER-001,MACDCross-000,EUR/USD.SIM,SIM-001,O-20250616-050000-001-000-205,O-20250616-190000-001-000-206,BUY,FLAT,0,100000,2025-06-16 05:00:00+00:00,1750100400000000000,2025-06-16 19:00:00+00:00,50400000000000,1.15607,1.1558,['4.62 USD'],-0.00023,-31.62 USD
EUR/USD.SIM-MACDCross-000-c5d65054-8d26-482a-928c-16097e1015e0,BACKTESTER-001,MACDCross-000,EUR/USD.SIM,SIM-001,O-20250618-030000-001-000-207,O-20250618-190000-001-000-208,BUY,FLAT,0,100000,2025-06-18 03:00:00+00:00,1750273200000000000,2025-06-18 19:00:00+00:00,57600000000000,1.15035,1.14784,['4.60 USD'],-0.00218,-255.60 USD
EUR/USD.SIM-MACDCross-000-ebc85450-0e24-4713-8704-c0c3abdd6f4b,BACKTESTER-001,MACDCross-000,EUR/USD.SIM,SIM-001,O-20250619-080000-001-000-209,O-20250620-120000-001-000-210,BUY,FLAT,0,100000,2025-06-19 08:00:00+00:00,1750420800000000000,2025-06-20 12:00:00+00:00,100800000000000,1.14811,1.15154,['4.60 USD'],0.00299,338.40 USD
EUR/USD.SIM-MACDCross-000-9afb05ba-81e9-4bb0-bf75-c1592f9884a6,BACKTESTER-001,MACDCross-000,EUR/USD.SIM,SIM-001,O-20250620-170000-001-000-211,O-20250620-180000-001-000-212,BUY,FLAT,0,100000,2025-06-20 17:00:00+00:00,1750442400000000000,2025-06-20 18:00:00+00:00,3600000000000,1.15367,1.15314,['4.62 USD'],-0.00046,-57.62 USD
EUR/USD.SIM-MACDCross-000-77770b01-1e9a-4f44-ac78-be94c1a9b5e7,BACKTESTER-001,MACDCross-000,EUR/USD.SIM,SIM-001,O-20250623-140000-001-000-213,O-20250624-080000-001-000-214,BUY,FLAT,0,100000,2025-06-23 14:00:00+00:00,1750752000000000000,2025-06-24 08:00:00+00:00,64800000000000,1.1534,1.15955,['4.63 USD'],0.00533,610.37 USD
EUR/USD.SIM-MACDCross-000-e2c3422e-af1a-4d97-9bb6-dffcbb4165d6,BACKTESTER-001,MACDCross-000,EUR/USD.SIM,SIM-001,O-20250625-160000-001-000-215,O-20250626-120000-001-000-216,BUY,FLAT,0,100000,2025-06-25 16:00:00+00:00,1750939200000000000,2025-06-26 12:00:00+00:00,72000000000000,1.16347,1.1711,['4.67 USD'],0.00656,758.33 USD
EUR/USD.SIM-MACDCross-000-d7fe971e-be49-4c26-8021-f3c04bf92aee,BACKTESTER-001,MACDCross-000,EUR/USD.SIM,SIM-001,O-20250627-110000-001-000-217,O-20250627-170000-001-000-218,BUY,FLAT,0,100000,2025-06-27 11:00:00+00:00,1751043600000000000,2025-06-27 17:00:00+00:00,21600000000000,1.17178,1.17055,['4.68 USD'],-0.00105,-127.68 USD
EUR/USD.SIM-MACDCross-000-dcd04d3f-4e71-44d7-b5aa-fd2f765babd8,BACKTESTER-001,MACDCross-000,EUR/USD.SIM,SIM-001,O-20250630-050000-001-000-219,O-20250630-090000-001-000-220,BUY,FLAT,0,100000,2025-06-30 05:00:00+00:00,1751274000000000000,2025-06-30 09:00:00+00:00,14400000000000,1.17288,1.17233,['4.69 USD'],-0.00047,-59.69 USD
EUR/USD.SIM-MACDCross-000-62e4c187-0d4e-43c1-8e22-097fac25d212,BACKTESTER-001,MACDCross-000,EUR/USD.SIM,SIM-001,O-20250630-150000-001-000-221,O-20250701-050000-001-000-222,BUY,FLAT,0,100000,2025-06-30 15:00:00+00:00,1751346000000000000,2025-07-01 05:00:00+00:00,50400000000000,1.17744,1.17897,['4.71 USD'],0.0013,148.29 USD
EUR/USD.SIM-MACDCross-000-636b032d-8975-43c9-9123-ba6e459d3eb4,BACKTESTER-001,MACDCross-000,EUR/USD.SIM,SIM-001,O-20250701-090000-001-000-223,O-20250701-130000-001-000-224,BUY,FLAT,0,100000,2025-07-01 09:00:00+00:00,1751374800000000000,2025-07-01 13:00:00+00:00,14400000000000,1.18175,1.18092,['4.72 USD'],-0.0007,-87.72 USD
EUR/USD.SIM-MACDCross-000-233be51b-05b2-4bd0-b4ab-0eadf27ed6fe,BACKTESTER-001,MACDCross-000,EUR/USD.SIM,SIM-001,O-20250702-170000-001-000-225,O-20250703-050000-001-000-226,BUY,FLAT,0,100000,2025-07-02 17:00:00+00:00,1751518800000000000,2025-07-03 05:00:00+00:00,43200000000000,1.17994,1.17994,['4.72 USD'],0.0,-4.72 USD
EUR/USD.SIM-MACDCross-000-f1202aa7-aaeb-4595-aa4b-f3ef78969c66,BACKTESTER-001,MACDCross-000,EUR/USD.SIM,SIM-001,O-20250703-060000-001-000-227,O-20250703-090000-001-000-228,BUY,FLAT,0,100000,2025-07-03 06:00:00+00:00,1751533200000000000,2025-07-03 09:00:00+00:00,10800000000000,1.18064,1.17966,['4.72 USD'],-0.00083,-102.72 USD
EUR/USD.SIM-MACDCross-000-dbfb26b0-3f52-4836-9f63-962976c8f003,BACKTESTER-001,MACDCross-000,EUR/USD.SIM,SIM-001,O-20250703-230000-001-000-229,O-20250707-020000-001-000-230,BUY,FLAT,0,100000,2025-07-03 23:00:00+00:00,1751853600000000000,2025-07-07 02:00:00+00:00,270000000000000,1.17744,1.17716,['4.70 USD'],-0.00024,-32.70 USD
EUR/USD.SIM-MACDCross-000-29dcac04-0784-435a-b9a3-382833412a9c,BACKTESTER-001,MACDCross-000,EUR/USD.SIM,SIM-001,O-20250707-220000-001-000-231,O-20250708-120000-001-000-232,BUY,FLAT,0,100000,2025-07-07 22:00:00+00:00,1751976000000000000,2025-07-08 12:00:00+00:00,50400000000000,1.17398,1.17247,['4.69 USD'],-0.00129,-155.69 USD
EUR/USD.SIM-MACDCross-000-26accb3c-780d-4ac5-821e-0cc248cc01f9,BACKTESTER-001,MACDCross-000,EUR/USD.SIM,SIM-001,O-20250708-200000-001-000-233,O-20250709-030000-001-000-234,BUY,FLAT,0,100000,2025-07-08 20:00:00+00:00,1752030000000000000,2025-07-09 03:00:00+00:00,25200000000000,1.17288,1.17096,['4.69 USD'],-0.00164,-196.69 USD
EUR/USD.SIM-MACDCross-000-c70e32aa-4fa7-422a-8f66-81f7268fb943,BACKTESTER-001,MACDCross-000,EUR/USD.SIM,SIM-001,O-20250709-060000-001-000-235,O-20250709-100000-001-000-236,BUY,FLAT,0,100000,2025-07-09 06:00:00+00:00,1752055200000000000,2025-07-09 10:00:00+00:00,14400000000000,1.17302,1.17055,['4.69 USD'],-0.00211,-251.69 USD
EUR/USD.SIM-MACDCross-000-2703b19e-aea9-4f9a-a88e-259b256fd325,BACKTESTER-001,MACDCross-000,EUR/USD.SIM,SIM-001,O-20250709-140000-001-000-237,O-20250710-090000-001-000-238,BUY,FLAT,0,100000,2025-07-09 14:00:00+00:00,1752138000000000000,2025-07-10 09:00:00+00:00,68400000000000,1.17192,1.17343,['4.69 USD'],0.00129,146.31 USD
EUR/USD.SIM-MACDCross-000-2f77c3de-163f-47ed-bde9-df5d3f720ae2,BACKTESTER-001,MACDCross-000,EUR/USD.SIM,SIM-001,O-20250710-230000-001-000-239,O-20250711-000000-001-000-240,BUY,FLAT,0,100000,2025-07-10 23:00:00+00:00,1752192000000000000,2025-07-11 00:00:00+00:00,3600000000000,1.17041,1.16781,['4.68 USD'],-0.00222,-264.68 USD
EUR/USD.SIM-MACDCross-000-1fe1e002-34f5-4888-b877-3c8da7a7f9f2,BACKTESTER-001,MACDCross-000,EUR/USD.SIM,SIM-001,O-20250711-070000-001-000-241,O-20250714-020000-001-000-242,BUY,FLAT,0,100000,2025-07-11 07:00:00+00:00,1752458400000000000,2025-07-14 02:00:00+00:00,241200000000000,1.16932,1.16781,['4.68 USD'],-0.00129,-155.68 USD
EUR/USD.SIM-MACDCross-000-6ed8bb64-b45a-470f-8a1d-971d11779aa6,BACKTESTER-001,MACDCross-000,EUR/USD.SIM,SIM-001,O-20250714-090000-001-000-243,O-20250714-150000-001-000-244,BUY,FLAT,0,100000,2025-07-14 09:00:00+00:00,1752505200000000000,2025-07-14 15:00:00+00:00,21600000000000,1.16945,1.16754,['4.68 USD'],-0.00163,-195.68 USD
EUR/USD.SIM-MACDCross-000-6a141742-0e48-49f2-aea2-c6dc3642170d,BACKTESTER-001,MACDCross-000,EUR/USD.SIM,SIM-001,O-20250715-010000-001-000-245,O-20250715-130000-001-000-246,BUY,FLAT,0,100000,2025-07-15 01:00:00+00:00,1752584400000000000,2025-07-15 13:00:00+00:00,43200000000000,1.16727,1.16455,['4.66 USD'],-0.00233,-276.66 USD
EUR/USD.SIM-MACDCross-000-3404af91-6629-4666-8831-949afb36e376,BACKTESTER-001,MACDCross-000,EUR/USD.SIM,SIM-001,O-20250716-020000-001-000-247,O-20250716-130000-001-000-248,BUY,FLAT,0,100000,2025-07-16 02:00:00+00:00,1752670800000000000,2025-07-16 13:00:00+00:00,39600000000000,1.16131,1.15768,['4.64 USD'],-0.00313,-367.64 USD
EUR/USD.SIM-MACDCross-000-49478fd8-eba8-490a-b91f-6da98593631d,BACKTESTER-001,MACDCross-000,EUR/USD.SIM,SIM-001,O-20250716-150000-001-000-249,O-20250717-050000-001-000-250,BUY,FLAT,0,100000,2025-07-16 15:00:00+00:00,1752728400000000000,2025-07-17 05:00:00+00:00,50400000000000,1.16279,1.16198,['4.65 USD'],-0.0007,-85.65 USD
EUR/USD.SIM-MACDCross-000-61323835-4f58-4d5e-92f1-6389ea5667a6,BACKTESTER-001,MACDCross-000,EUR/USD.SIM,SIM-001,O-20250717-190000-001-000-251,O-20250718-170000-001-000-252,BUY,FLAT,0,100000,2025-07-17 19:00:00+00:00,1752858000000000000,2025-07-18 17:00:00+00:00,79200000000000,1.16023,1.16306,['4.65 USD'],0.00244,278.35 USD
EUR/USD.SIM-MACDCross-000-652b11bd-82d9-4298-8398-27d68ca833b6,BACKTESTER-001,MACDCross-000,EUR/USD.SIM,SIM-001,O-20250721-060000-001-000-253,O-20250722-000000-001-000-254,BUY,FLAT,0,100000,2025-07-21 06:00:00+00:00,1753142400000000000,2025-07-22 00:00:00+00:00,64800000000000,1.16442,1.16918,['4.67 USD'],0.00409,471.33 USD
EUR/USD.SIM-MACDCross-000-c695608c-730a-409b-83e0-4bdf97e5f0b0,BACKTESTER-001,MACDCross-000,EUR/USD.SIM,SIM-001,O-20250722-140000-001-000-255,O-20250723-000000-001-000-256,BUY,FLAT,0,100000,2025-07-22 14:00:00+00:00,1753228800000000000,2025-07-23 00:00:00+00:00,36000000000000,1.17261,1.17509,['4.70 USD'],0.00211,243.30 USD
EUR/USD.SIM-MACDCross-000-0bb0e71d-83c0-4dcb-84b5-850797855641,BACKTESTER-001,MACDCross-000,EUR/USD.SIM,SIM-001,O-20250723-170000-001-000-257,O-20250724-050000-001-000-258,BUY,FLAT,0,100000,2025-07-23 17:00:00+00:00,1753333200000000000,2025-07-24 05:00:00+00:00,43200000000000,1.17633,1.17744,['4.70 USD'],0.00094,106.30 USD
EUR/USD.SIM-MACDCross-000-c19a8848-9ea5-49e9-b648-34101bcd94b1,BACKTESTER-001,MACDCross-000,EUR/USD.SIM,SIM-001,O-20250725-180000-001-000-259,O-20250728-060000-001-000-260,BUY,FLAT,0,100000,2025-07-25 18:00:00+00:00,1753682400000000000,2025-07-28 06:00:00+00:00,216000000000000,1.17495,1.17261,['4.70 USD'],-0.00199,-238.70 USD
EUR/USD.SIM-MACDCross-000-bc8427d0-8670-45fa-a666-a8e2a224d881,BACKTESTER-001,MACDCross-000,EUR/USD.SIM,SIM-001,O-20250729-010000-001-000-261,O-20250729-070000-001-000-262,BUY,FLAT,0,100000,2025-07-29 01:00:00+00:00,1753772400000000000,2025-07-29 07:00:00+00:00,21600000000000,1.15929,1.15567,['4.63 USD'],-0.00312,-366.63 USD
EUR/USD.SIM-MACDCross-000-a6020f0a-5005-423c-8b06-67266069ff32,BACKTESTER-001,MACDCross-000,EUR/USD.SIM,SIM-001,O-20250729-080000-001-000-263,O-20250729-140000-001-000-264,BUY,FLAT,0,100000,2025-07-29 08:00:00+00:00,1753797600000000000,2025-07-29 14:00:00+00:00,21600000000000,1.15727,1.1526,['4.62 USD'],-0.00404,-471.62 USD
EUR/USD.SIM-MACDCross-000-6ba1af72-9a89-4b99-8e60-fb43fd55cc81,BACKTESTER-001,MACDCross-000,EUR/USD.SIM,SIM-001,O-20250729-150000-001-000-265,O-20250730-120000-001-000-266,BUY,FLAT,0,100000,2025-07-29 15:00:00+00:00,1753876800000000000,2025-07-30 12:00:00+00:00,75600000000000,1.1534,1.14732,['4.60 USD'],-0.00527,-612.60 USD
EUR/USD.SIM-MACDCross-000-c0ab202b-ef66-46cd-9c62-a4a9a170a9d2,BACKTESTER-001,MACDCross-000,EUR/USD.SIM,SIM-001,O-20250731-030000-001-000-267,O-20250804-060000-001-000-268,BUY,FLAT,0,100000,2025-07-31 03:00:00+00:00,1754287200000000000,2025-08-04 06:00:00+00:00,356400000000000,1.14273,1.15754,['4.61 USD'],0.01296,1476.39 USD
EUR/USD.SIM-MACDCross-000-0d2dc29f-c99b-4bc7-b4a3-42f2f7b60206,BACKTESTER-001,MACDCross-000,EUR/USD.SIM,SIM-001,O-20250805-150000-001-000-269,O-20250806-080000-001-000-270,BUY,FLAT,0,100000,2025-08-05 15:00:00+00:00,1754467200000000000,2025-08-06 08:00:00+00:00,61200000000000,1.15835,1.15781,['4.64 USD'],-0.00047,-58.64 USD
EUR/USD.SIM-MACDCross-000-4ecf1892-04be-4e27-83ae-ef932aeebb1c,BACKTESTER-001,MACDCross-000,EUR/USD.SIM,SIM-001,O-20250806-090000-001-000-271,O-20250807-020000-001-000-272,BUY,FLAT,0,100000,2025-08-06 09:00:00+00:00,1754532000000000000,2025-08-07 02:00:00+00:00,61200000000000,1.15902,1.16604,['4.65 USD'],0.00606,697.35 USD
EUR/USD.SIM-MACDCross-000-c6e27d40-909f-447f-aa28-ae0566f35e4f,BACKTESTER-001,MACDCross-000,EUR/USD.SIM,SIM-001,O-20250807-070000-001-000-273,O-20250807-090000-001-000-274,BUY,FLAT,0,100000,2025-08-07 07:00:00+00:00,1754557200000000000,2025-08-07 09:00:00+00:00,7200000000000,1.16932,1.16754,['4.68 USD'],-0.00152,-182.68 USD
EUR/USD.SIM-MACDCross-000-61edb0f2-5e25-4924-8618-40a95d94b054,BACKTESTER-001,MACDCross-000,EUR/USD.SIM,SIM-001,O-20250807-220000-001-000-275,O-20250808-030000-001-000-276,BUY,FLAT,0,100000,2025-08-07 22:00:00+00:00,1754622000000000000,2025-08-08 03:00:00+00:00,18000000000000,1.16754,1.16645,['4.67 USD'],-0.00093,-113.67 USD
EUR/USD.SIM-MACDCross-000-b06e73f4-c413-4103-86c3-74f8a1cf146e,BACKTESTER-001,MACDCross-000,EUR/USD.SIM,SIM-001,O-20250808-150000-001-000-277,O-20250808-200000-001-000-278,BUY,FLAT,0,100000,2025-08-08 15:00:00+00:00,1754683200000000000,2025-08-08 20:00:00+00:00,18000000000000,1.16645,1.16455,['4.66 USD'],-0.00163,-194.66 USD
EUR/USD.SIM-MACDCross-000-1b5c21af-e3e4-4dce-b75b-d5c25f31432d,BACKTESTER-001,MACDCross-000,EUR/USD.SIM,SIM-001,O-20250811-010000-001-000-279,O-20250811-080000-001-000-280,BUY,FLAT,0,100000,2025-08-11 01:00:00+00:00,1754899200000000000,2025-08-11 08:00:00+00:00,25200000000000,1.16618,1.16591,['4.66 USD'],-0.00023,-31.66 USD
EUR/USD.SIM-MACDCross-000-53ed145d-165b-4fa3-a770-9d3c8f6a3802,BACKTESTER-001,MACDCross-000,EUR/USD.SIM,SIM-001,O-20250812-000000-001-000-281,O-20250813-150000-001-000-282,BUY,FLAT,0,100000,2025-08-12 00:00:00+00:00,1755097200000000000,2025-08-13 15:00:00+00:00,140400000000000,1.16184,1.17178,['4.66 USD'],0.00856,989.34 USD
EUR/USD.SIM-MACDCross-000-cf4f5a17-11b9-4a50-a592-d9a2a96025c4,BACKTESTER-001,MACDCross-000,EUR/USD.SIM,SIM-001,O-20250815-000000-001-000-283,O-20250818-020000-001-000-284,BUY,FLAT,0,100000,2025-08-15 00:00:00+00:00,1755482400000000000,2025-08-18 02:00:00+00:00,266400000000000,1.1655,1.17041,['4.67 USD'],0.00421,486.33 USD
EUR/USD.SIM-MACDCross-000-1f2c39ad-c181-4acf-aa08-091efb5d311e,BACKTESTER-001,MACDCross-000,EUR/USD.SIM,SIM-001,O-20250819-060000-001-000-285,O-20250819-160000-001-000-286,BUY,FLAT,0,100000,2025-08-19 06:00:00+00:00,1755619200000000000,2025-08-19 16:00:00+00:00,36000000000000,1.16768,1.16604,['4.67 USD'],-0.0014,-168.67 USD
EUR/USD.SIM-MACDCross-000-4447f5d3-6eb9-487f-a15b-1e8caab921b0,BACKTESTER-001,MACDCross-000,EUR/USD.SIM,SIM-001,O-20250820-070000-001-000-287,O-20250821-000000-001-000-288,BUY,FLAT,0,100000,2025-08-20 07:00:00+00:00,1755734400000000000,2025-08-21 00:00:00+00:00,61200000000000,1.16469,1.16496,['4.66 USD'],0.00023,22.34 USD
EUR/USD.SIM-MACDCross-000-f22e8cf1-fcb4-436a-bda9-3eaa93a6d607,BACKTESTER-001,MACDCross-000,EUR/USD.SIM,SIM-001,O-20250821-080000-001-000-289,O-20250821-110000-001-000-290,BUY,FLAT,0,100000,2025-08-21 08:00:00+00:00,1755774000000000000,2025-08-21 11:00:00+00:00,10800000000000,1.16591,1.16455,['4.66 USD'],-0.00117,-140.66 USD
EUR/USD.SIM-MACDCross-000-aa46e789-edd0-491b-8404-c52c25ae892d,BACKTESTER-001,MACDCross-000,EUR/USD.SIM,SIM-001,O-20250822-090000-001-000-291,O-20250825-050000-001-000-292,BUY,FLAT,0,100000,2025-08-22 09:00:00+00:00,1756098000000000000,2025-08-25 05:00:00+00:00,244800000000000,1.16009,1.17041,['4.66 USD'],0.0089,1027.34 USD
EUR/USD.SIM-MACDCross-000-8cd4c4eb-e8e3-4d51-99b1-5c0325799ebb,BACKTESTER-001,MACDCross-000,EUR/USD.SIM,SIM-001,O-20250826-090000-001-000-293,O-20250827-010000-001-000-294,BUY,FLAT,0,100000,2025-08-26 09:00:00+00:00,1756256400000000000,2025-08-27 01:00:00+00:00,57600000000000,1.16455,1.1636,['4.66 USD'],-0.00082,-99.66 USD
EUR/USD.SIM-MACDCross-000-70b58e83-f40d-41f7-8c66-7bf9118f353d,BACKTESTER-001,MACDCross-000,EUR/USD.SIM,SIM-001,O-20250827-160000-001-000-295,O-20250828-220000-001-000-296,BUY,FLAT,0,100000,2025-08-27 16:00:00+00:00,1756418400000000000,2025-08-28 22:00:00+00:00,108000000000000,1.16414,1.16781,['4.67 USD'],0.00315,362.33 USD
EUR/USD.SIM-MACDCross-000-77598409-1d3b-444e-a2e7-875ce8b0cb46,BACKTESTER-001,MACDCross-000,EUR/USD.SIM,SIM-001,O-20250829-140000-001-000-297,O-20250901-120000-001-000-298,BUY,FLAT,0,100000,2025-08-29 14:00:00+00:00,1756728000000000000,2025-09-01 12:00:00+00:00,252000000000000,1.17082,1.1711,['4.68 USD'],0.00024,23.32 USD
EUR/USD.SIM-MACDCross-000-e5a99198-ca7c-4053-a7ef-75f6972a98a6,BACKTESTER-001,MACDCross-000,EUR/USD.SIM,SIM-001,O-20250902-210000-001-000-299,O-20250904-020000-001-000-300,BUY,FLAT,0,100000,2025-09-02 21:00:00+00:00,1756951200000000000,2025-09-04 02:00:00+00:00,104400000000000,1.16455,1.16564,['4.66 USD'],0.00094,104.34 USD
EUR/USD.SIM-MACDCross-000-9c16f1b4-6f98-44b3-b423-696e0caf4b4c,BACKTESTER-001,MACDCross-000,EUR/USD.SIM,SIM-001,O-20250904-200000-001-000-301,O-20250907-230000-001-000-302,BUY,FLAT,0,100000,2025-09-04 20:00:00+00:00,1757286000000000000,2025-09-07 23:00:00+00:00,270000000000000,1.16523,1.17165,['4.67 USD'],0.00551,637.33 USD
EUR/USD.SIM-MACDCross-000-7b9075b3-2a3c-41c1-8d6b-514f036bdc21,BACKTESTER-001,MACDCross-000,EUR/USD.SIM,SIM-001,O-20250908-130000-001-000-303,O-20250908-170000-001-000-304,BUY,FLAT,0,100000,2025-09-08 13:00:00+00:00,1757350800000000000,2025-09-08 17:00:00+00:00,14400000000000,1.17536,1.17426,['4.70 USD'],-0.00094,-114.70 USD
EUR/USD.SIM-MACDCross-000-4f5935b9-b9a8-4823-a417-bdedf4c9807e,BACKTESTER-001,MACDCross-000,EUR/USD.SIM,SIM-001,O-20250908-180000-001-000-305,O-20250909-030000-001-000-306,BUY,FLAT,0,100000,2025-09-08 18:00:00+00:00,1757386800000000000,2025-09-09 03:00:00+00:00,32400000000000,1.17647,1.17675,['4.70 USD'],0.00024,23.30 USD
EUR/USD.SIM-MACDCross-000-0432341b-33cf-46e3-a43a-812a97df8fbf,BACKTESTER-001,MACDCross-000,EUR/USD.SIM,SIM-001,O-20250909-050000-001-000-307,O-20250909-060000-001-000-308,BUY,FLAT,0,100000,2025-09-09 05:00:00+00:00,1757397600000000000,2025-09-09 06:00:00+00:00,3600000000000,1.17827,1.17689,['4.71 USD'],-0.00117,-142.71 USD
EUR/USD.SIM-MACDCross-000-8456e9e0-48c2-4bc2-992f-38a88ab4a0eb,BACKTESTER-001,MACDCross-000,EUR/USD.SIM,SIM-001,O-20250910-050000-001-000-309,O-20250910-060000-001-000-310,BUY,FLAT,0,100000,2025-09-10 05:00:00+00:00,1757484000000000000,2025-09-10 06:00:00+00:00,3600000000000,1.17123,1.16959,['4.68 USD'],-0.0014,-168.68 USD
EUR/USD.SIM-MACDCross-000-9ace4735-8b9c-4be4-90b1-ea129ea2704d,BACKTESTER-001,MACDCross-000,EUR/USD.SIM,SIM-001,O-20250910-080000-001-000-311,O-20250910-200000-001-000-312,BUY,FLAT,0,100000,2025-09-10 08:00:00+00:00,1757534400000000000,2025-09-10 20:00:00+00:00,43200000000000,1.17041,1.16959,['4.68 USD'],-0.0007,-86.68 USD
EUR/USD.SIM-MACDCross-000-929f3423-49ff-4af4-b57d-a2f873fbc21f,BACKTESTER-001,MACDCross-000,EUR/USD.SIM,SIM-001,O-20250910-220000-001-000-313,O-20250911-000000-001-000-314,BUY,FLAT,0,100000,2025-09-10 22:00:00+00:00,1757548800000000000,2025-09-11 00:00:00+00:00,7200000000000,1.17069,1.16973,['4.68 USD'],-0.00082,-100.68 USD
EUR/USD.SIM-MACDCross-000-c7c8bfab-5daf-46db-939f-36b0cf94cdbf,BACKTESTER-001,MACDCross-000,EUR/USD.SIM,SIM-001,O-20250911-040000-001-000-315,O-20250911-050000-001-000-316,BUY,FLAT,0,100000,2025-09-11 04:00:00+00:00,1757566800000000000,2025-09-11 05:00:00+00:00,3600000000000,1.17027,1.16932,['4.68 USD'],-0.00081,-99.68 USD
EUR/USD.SIM-MACDCross-000-104a2576-0785-41a8-84db-356c0f91e173,BACKTESTER-001,MACDCross-000,EUR/USD.SIM,SIM-001,O-20250911-120000-001-000-317,O-20250912-020000-001-000-318,BUY,FLAT,0,100000,2025-09-11 12:00:00+00:00,1757642400000000000,2025-09-12 02:00:00+00:00,50400000000000,1.17165,1.17302,['4.69 USD'],0.00117,132.31 USD
EUR/USD.SIM-MACDCross-000-039ab6b3-1e04-4b7c-9c75-faa677b05e8e,BACKTESTER-001,MACDCross-000,EUR/USD.SIM,SIM-001,O-20250912-180000-001-000-319,O-20250915-000000-001-000-320,BUY,FLAT,0,100000,2025-09-12 18:00:00+00:00,1757894400000000000,2025-09-15 00:00:00+00:00,194400000000000,1.17454,1.17302,['4.70 USD'],-0.00129,-156.70 USD
EUR/USD.SIM-MACDCross-000-05c825e9-f241-4fad-af15-d502670076c8,BACKTESTER-001,MACDCross-000,EUR/USD.SIM,SIM-001,O-20250915-040000-001-000-321,O-20250915-050000-001-000-322,BUY,FLAT,0,100000,2025-09-15 04:00:00+00:00,1757912400000000000,2025-09-15 05:00:00+00:00,3600000000000,1.17371,1.17316,['4.70 USD'],-0.00047,-59.70 USD
EUR/USD.SIM-MACDCross-000-eae5b160-c00c-47f3-9f58-7c429a6a73b1,BACKTESTER-001,MACDCross-000,EUR/USD.SIM,SIM-001,O-20250915-080000-001-000-323,O-20250917-000000-001-000-324,BUY,FLAT,0,100000,2025-09-15 08:00:00+00:00,1758067200000000000,2025-09-17 00:00:00+00:00,144000000000000,1.17398,1.18624,['4.72 USD'],0.01044,1221.28 USD
EUR/USD.SIM-MACDCross-000-58696921-5494-4156-9e2c-fd2dd732b3e1,BACKTESTER-001,MACDCross-000,EUR/USD.SIM,SIM-001,O-20250918-090000-001-000-325,O-20250918-130000-001-000-326,BUY,FLAT,0,100000,2025-09-18 09:00:00+00:00,1758200400000000000,2025-09-18 13:00:00+00:00,14400000000000,1.18427,1.17702,['4.72 USD'],-0.00612,-729.72 USD
EUR/USD.SIM-MACDCross-000-9093fc2d-6773-4722-9175-71479e113cb5,BACKTESTER-001,MACDCross-000,EUR/USD.SIM,SIM-001,O-20250918-230000-001-000-327,O-20250919-050000-001-000-328,BUY,FLAT,0,100000,2025-09-18 23:00:00+00:00,1758258000000000000,2025-09-19 05:00:00+00:00,21600000000000,1.17925,1.17758,['4.72 USD'],-0.00142,-171.72 USD
EUR/USD.SIM-MACDCross-000-1d109519-5385-41e2-a0c2-6c8d366f3d24,BACKTESTER-001,MACDCross-000,EUR/USD.SIM,SIM-001,O-20250919-160000-001-000-329,O-20250922-000000-001-000-330,BUY,FLAT,0,100000,2025-09-19 16:00:00+00:00,1758499200000000000,2025-09-22 00:00:00+00:00,201600000000000,1.17564,1.17385,['4.70 USD'],-0.00152,-183.70 USD
EUR/USD.SIM-MACDCross-000-35b7f431-5102-4a21-8f7f-7062440369b6,BACKTESTER-001,MACDCross-000,EUR/USD.SIM,SIM-001,O-20250922-050000-001-000-331,O-20250923-050000-001-000-332,BUY,FLAT,0,100000,2025-09-22 05:00:00+00:00,1758603600000000000,2025-09-23 05:00:00+00:00,86400000000000,1.17412,1.18022,['4.71 USD'],0.0052,605.29 USD
EUR/USD.SIM-MACDCross-000-3d94eaa7-dda5-4b49-bbe5-a361dee4d65f,BACKTESTER-001,MACDCross-000,EUR/USD.SIM,SIM-001,O-20250923-180000-001-000-333,O-20250924-000000-001-000-334,BUY,FLAT,0,100000,2025-09-23 18:00:00+00:00,1758672000000000000,2025-09-24 00:00:00+00:00,21600000000000,1.18147,1.18078,['4.72 USD'],-0.00058,-73.72 USD
EUR/USD.SIM-MACDCross-000-59dfc772-41be-43dc-b057-0d295e6d91fa,BACKTESTER-001,MACDCross-000,EUR/USD.SIM,SIM-001,O-20250924-230000-001-000-335,O-20250925-120000-001-000-336,BUY,FLAT,0,100000,2025-09-24 23:00:00+00:00,1758801600000000000,2025-09-25 12:00:00+00:00,46800000000000,1.17454,1.17027,['4.69 USD'],-0.00364,-431.69 USD
EUR/USD.SIM-MACDCross-000-c6c885f0-2e43-498c-baaf-d4c614c195ba,BACKTESTER-001,MACDCross-000,EUR/USD.SIM,SIM-001,O-20250926-010000-001-000-337,O-20250929-160000-001-000-338,BUY,FLAT,0,100000,2025-09-26 01:00:00+00:00,1759161600000000000,2025-09-29 16:00:00+00:00,313200000000000,1.16713,1.1733,['4.68 USD'],0.00529,612.32 USD
EUR/USD.SIM-MACDCross-000-7e16aefd-d097-4f78-a5d0-17731d8003f4,BACKTESTER-001,MACDCross-000,EUR/USD.SIM,SIM-001,O-20250930-070000-001-000-339,O-20250930-130000-001-000-340,BUY,FLAT,0,100000,2025-09-30 07:00:00+00:00,1759237200000000000,2025-09-30 13:00:00+00:00,21600000000000,1.17454,1.17343,['4.70 USD'],-0.00095,-115.70 USD
EUR/USD.SIM-MACDCross-000-ab8c64e0-d4c1-41fa-b913-6caf092b79d0,BACKTESTER-001,MACDCross-000,EUR/USD.SIM,SIM-001,O-20250930-140000-001-000-341,O-20250930-150000-001-000-342,BUY,FLAT,0,100000,2025-09-30 14:00:00+00:00,1759244400000000000,2025-09-30 15:00:00+00:00,3600000000000,1.17536,1.17385,['4.70 USD'],-0.00128,-155.70 USD
EUR/USD.SIM-MACDCross-000-24fe91d5-6156-4aca-b230-8a6a4d98f099,BACKTESTER-001,MACDCross-000,EUR/USD.SIM,SIM-001,O-20250930-160000-001-000-343,O-20250930-190000-001-000-344,BUY,FLAT,0,100000,2025-09-30 16:00:00+00:00,1759258800000000000,2025-09-30 19:00:00+00:00,10800000000000,1.17606,1.17426,['4.70 USD'],-0.00153,-184.70 USD
EUR/USD.SIM-MACDCross-000-1f1df7a6-29e3-4740-aeda-abdc12d159da,BACKTESTER-001,MACDCross-000,EUR/USD.SIM,SIM-001,O-20251001-040000-001-000-345,O-20251001-090000-001-000-346,BUY,FLAT,0,100000,2025-10-01 04:00:00+00:00,1759309200000000000,2025-10-01 09:00:00+00:00,18000000000000,1.17619,1.17371,['4.70 USD'],-0.00211,-252.70 USD
EUR/USD.SIM-MACDCross-000-bef66567-aa73-4afc-b304-c2ef54231811,BACKTESTER-001,MACDCross-000,EUR/USD.SIM,SIM-001,O-20251002-020000-001-000-347,O-20251002-130000-001-000-348,BUY,FLAT,0,100000,2025-10-02 02:00:00+00:00,1759410000000000000,2025-10-02 13:00:00+00:00,39600000000000,1.17412,1.17261,['4.70 USD'],-0.00129,-155.70 USD
EUR/USD.SIM-MACDCross-000-7d0d3f9a-982f-4f0a-bb65-30a8c66f5acd,BACKTESTER-001,MACDCross-000,EUR/USD.SIM,SIM-001,O-20251003-000000-001-000-349,O-20251005-230000-001-000-350,BUY,FLAT,0,100000,2025-10-03 00:00:00+00:00,1759705200000000000,2025-10-05 23:00:00+00:00,255600000000000,1.17275,1.17151,['4.69 USD'],-0.00106,-128.69 USD
EUR/USD.SIM-MACDCross-000-aef6e6d5-fc9a-4016-8cc6-5eb0af40673d,BACKTESTER-001,MACDCross-000,EUR/USD.SIM,SIM-001,O-20251006-140000-001-000-351,O-20251007-050000-001-000-352,BUY,FLAT,0,100000,2025-10-06 14:00:00+00:00,1759813200000000000,2025-10-07 05:00:00+00:00,54000000000000,1.17206,1.16959,['4.68 USD'],-0.00211,-251.68 USD
EUR/USD.SIM-MACDCross-000-a1cbb29d-7cbe-4240-bd3b-a157376ae660,BACKTESTER-001,MACDCross-000,EUR/USD.SIM,SIM-001,O-20251008-100000-001-000-353,O-20251009-070000-001-000-354,BUY,FLAT,0,100000,2025-10-08 10:00:00+00:00,1759993200000000000,2025-10-09 07:00:00+00:00,75600000000000,1.1636,1.16144,['4.65 USD'],-0.00186,-220.65 USD
EUR/USD.SIM-MACDCross-000-1d278c5a-43a4-4e0e-8002-8099eebbc8c5,BACKTESTER-001,MACDCross-000,EUR/USD.SIM,SIM-001,O-20251010-010000-001-000-355,O-20251013-070000-001-000-356,BUY,FLAT,0,100000,2025-10-10 01:00:00+00:00,1760338800000000000,2025-10-13 07:00:00+00:00,280800000000000,1.15674,1.16036,['4.63 USD'],0.00313,357.37 USD
EUR/USD.SIM-MACDCross-000-f7e254d0-5b9d-49aa-b49f-71721a15713c,BACKTESTER-001,MACDCross-000,EUR/USD.SIM,SIM-001,O-20251014-020000-001-000-357,O-20251014-070000-001-000-358,BUY,FLAT,0,100000,2025-10-14 02:00:00+00:00,1760425200000000000,2025-10-14 07:00:00+00:00,18000000000000,1.15781,1.15527,['4.63 USD'],-0.00219,-258.63 USD
EUR/USD.SIM-MACDCross-000-4b726bf2-c361-4d9c-9d82-618644413b22,BACKTESTER-001,MACDCross-000,EUR/USD.SIM,SIM-001,O-20251014-130000-001-000-359,O-20251015-110000-001-000-360,BUY,FLAT,0,100000,2025-10-14 13:00:00+00:00,1760526000000000000,2025-10-15 11:00:00+00:00,79200000000000,1.15781,1.16239,['4.64 USD'],0.00396,453.36 USD
EUR/USD.SIM-MACDCross-000-6d4d5424-4b17-4374-82c7-a4fa7a190873,BACKTESTER-001,MACDCross-000,EUR/USD.SIM,SIM-001,O-20251015-200000-001-000-361,O-20251016-060000-001-000-362,BUY,FLAT,0,100000,2025-10-15 20:00:00+00:00,1760594400000000000,2025-10-16 06:00:00+00:00,36000000000000,1.16523,1.16577,['4.66 USD'],0.00046,49.34 USD
EUR/USD.SIM-MACDCross-000-24249304-8e5a-4dd7-8141-11d7384280bb,BACKTESTER-001,MACDCross-000,EUR/USD.SIM,SIM-001,O-20251016-160000-001-000-363,O-20251017-080000-001-000-364,BUY,FLAT,0,100000,2025-10-16 16:00:00+00:00,1760688000000000000,2025-10-17 08:00:00+00:00,57600000000000,1.16809,1.17014,['4.68 USD'],0.00176,200.32 USD
EUR/USD.SIM-MACDCross-000-ad3daac7-6f40-4896-8083-ba2e6a9814ce,BACKTESTER-001,MACDCross-000,EUR/USD.SIM,SIM-001,O-20251021-000000-001-000-365,O-20251021-020000-001-000-366,BUY,FLAT,0,100000,2025-10-21 00:00:00+00:00,1761012000000000000,2025-10-21 02:00:00+00:00,7200000000000,1.16564,1.16374,['4.66 USD'],-0.00163,-194.66 USD
EUR/USD.SIM-MACDCross-000-800dd7e6-e49a-428f-9fec-00be99207851,BACKTESTER-001,MACDCross-000,EUR/USD.SIM,SIM-001,O-20251021-220000-001-000-367,O-20251022-100000-001-000-368,BUY,FLAT,0,100000,2025-10-21 22:00:00+00:00,1761127200000000000,2025-10-22 10:00:00+00:00,43200000000000,1.16036,1.15888,['4.64 USD'],-0.00128,-152.64 USD
EUR/USD.SIM-MACDCross-000-323e1cce-9804-43c1-ae15-0c8e52f79657,BACKTESTER-001,MACDCross-000,EUR/USD.SIM,SIM-001,O-20251022-140000-001-000-369,O-20251023-020000-001-000-370,BUY,FLAT,0,100000,2025-10-22 14:00:00+00:00,1761184800000000000,2025-10-23 02:00:00+00:00,43200000000000,1.16144,1.15996,['4.64 USD'],-0.00127,-152.64 USD
EUR/USD.SIM-MACDCross-000-cce51437-7514-4046-91b4-c0eba2fd45cc,BACKTESTER-001,MACDCross-000,EUR/USD.SIM,SIM-001,O-20251023-130000-001-000-371,O-20251024-030000-001-000-372,BUY,FLAT,0,100000,2025-10-23 13:00:00+00:00,1761274800000000000,2025-10-24 03:00:00+00:00,50400000000000,1.16104,1.16131,['4.64 USD'],0.00023,22.36 USD
EUR/USD.SIM-MACDCross-000-7293ea22-bf00-4ea1-9733-fd0ccd659376,BACKTESTER-001,MACDCross-000,EUR/USD.SIM,SIM-001,O-20251024-120000-001-000-373,O-20251027-040000-001-000-374,BUY,FLAT,0,100000,2025-10-24 12:00:00+00:00,1761537600000000000,2025-10-27 04:00:00+00:00,230400000000000,1.16374,1.16279,['4.66 USD'],-0.00082,-99.66 USD
EUR/USD.SIM-MACDCross-000-da5f9af5-2baf-47b9-a660-9fd720125b3a,BACKTESTER-001,MACDCross-000,EUR/USD.SIM,SIM-001,O-20251027-100000-001-000-375,O-20251027-160000-001-000-376,BUY,FLAT,0,100000,2025-10-27 10:00:00+00:00,1761580800000000000,2025-10-27 16:00:00+00:00,21600000000000,1.16455,1.16414,['4.66 USD'],-0.00035,-45.66 USD
EUR/USD.SIM-MACDCross-000-c74b9804-23c3-4629-8bf2-1b4e81442445,BACKTESTER-001,MACDCross-000,EUR/USD.SIM,SIM-001,O-20251027-180000-001-000-377,O-20251028-070000-001-000-378,BUY,FLAT,0,100000,2025-10-27 18:00:00+00:00,1761634800000000000,2025-10-28 07:00:00+00:00,46800000000000,1.1655,1.16577,['4.66 USD'],0.00023,22.34 USD
EUR/USD.SIM-MACDCross-000-fcb16a73-3b8f-4209-81ad-8e64603fad1b,BACKTESTER-001,MACDCross-000,EUR/USD.SIM,SIM-001,O-20251029-140000-001-000-379,O-20251029-180000-001-000-380,BUY,FLAT,0,100000,2025-10-29 14:00:00+00:00,1761760800000000000,2025-10-29 18:00:00+00:00,14400000000000,1.16537,1.15982,['4.65 USD'],-0.00476,-559.65 USD
EUR/USD.SIM-MACDCross-000-c8ba515d-9611-42d6-8858-a66ec9e38e5a,BACKTESTER-001,MACDCross-000,EUR/USD.SIM,SIM-001,O-20251030-040000-001-000-381,O-20251030-110000-001-000-382,BUY,FLAT,0,100000,2025-10-30 04:00:00+00:00,1761822000000000000,2025-10-30 11:00:00+00:00,25200000000000,1.1636,1.16009,['4.65 USD'],-0.00302,-355.65 USD
EUR/USD.SIM-MACDCross-000-2552d1c2-15cf-4e7c-bd43-1025f7f4f3bf,BACKTESTER-001,MACDCross-000,EUR/USD.SIM,SIM-001,O-20251030-230000-001-000-383,O-20251031-130000-001-000-384,BUY,FLAT,0,100000,2025-10-30 23:00:00+00:00,1761915600000000000,2025-10-31 13:00:00+00:00,50400000000000,1.15754,1.15447,['4.63 USD'],-0.00265,-311.63 USD
EUR/USD.SIM-MACDCross-000-b04c5feb-d9eb-4efd-8552-d3587e05f5a5,BACKTESTER-001,MACDCross-000,EUR/USD.SIM,SIM-001,O-20251103-030000-001-000-385,O-20251103-110000-001-000-386,BUY,FLAT,0,100000,2025-11-03 03:00:00+00:00,1762167600000000000,2025-11-03 11:00:00+00:00,28800000000000,1.15367,1.15194,['4.61 USD'],-0.0015,-177.61 USD
EUR/USD.SIM-MACDCross-000-2bb48720-e732-47f8-bca7-bc6988cf9151,BACKTESTER-001,MACDCross-000,EUR/USD.SIM,SIM-001,O-20251103-120000-001-000-387,O-20251103-130000-001-000-388,BUY,FLAT,0,100000,2025-11-03 12:00:00+00:00,1762174800000000000,2025-11-03 13:00:00+00:00,3600000000000,1.15207,1.15141,['4.60 USD'],-0.00057,-70.60 USD
EUR/USD.SIM-MACDCross-000-9f1cdd44-d40b-49b2-be76-c5bae17e9b71,BACKTESTER-001,MACDCross-000,EUR/USD.SIM,SIM-001,O-20251103-150000-001-000-389,O-20251104-110000-001-000-390,BUY,FLAT,0,100000,2025-11-03 15:00:00+00:00,1762254000000000000,2025-11-04 11:00:00+00:00,72000000000000,1.15287,1.14929,['4.61 USD'],-0.00311,-362.61 USD
EUR/USD.SIM-MACDCross-000-9849b5f9-7a83-4a02-bbd1-49a8047c74a1,BACKTESTER-001,MACDCross-000,EUR/USD.SIM,SIM-001,O-20251104-230000-001-000-391,O-20251107-010000-001-000-392,BUY,FLAT,0,100000,2025-11-04 23:00:00+00:00,1762477200000000000,2025-11-07 01:00:00+00:00,180000000000000,1.14877,1.15407,['4.61 USD'],0.00461,525.39 USD
EUR/USD.SIM-MACDCross-000-9d94ebea-5586-4798-a038-98f5d680d876,BACKTESTER-001,MACDCross-000,EUR/USD.SIM,SIM-001,O-20251107-120000-001-000-393,O-20251107-200000-001-000-394,BUY,FLAT,0,100000,2025-11-07 12:00:00+00:00,1762545600000000000,2025-11-07 20:00:00+00:00,28800000000000,1.15594,1.15674,['4.62 USD'],0.00069,75.38 USD
EUR/USD.SIM-MACDCross-000-857e9aa4-fbd3-4ba0-9680-0f54328dcea1,BACKTESTER-001,MACDCross-000,EUR/USD.SIM,SIM-001,O-20251111-090000-001-000-395,O-20251111-220000-001-000-396,BUY,FLAT,0,100000,2025-11-11 09:00:00+00:00,1762898400000000000,2025-11-11 22:00:00+00:00,46800000000000,1.15714,1.15888,['4.63 USD'],0.0015,169.37 USD
EUR/USD.SIM-MACDCross-000-382b1b77-6012-4f2b-917c-3e3d6afbef37,BACKTESTER-001,MACDCross-000,EUR/USD.SIM,SIM-001,O-20251112-150000-001-000-397,O-20251113-000000-001-000-398,BUY,FLAT,0,100000,2025-11-12 15:00:00+00:00,1762992000000000000,2025-11-13 00:00:00+00:00,32400000000000,1.15982,1.15835,['4.64 USD'],-0.00127,-151.64 USD
EUR/USD.SIM-MACDCross-000-81bf72d3-d706-4294-957e-bacaa0fc9bb0,BACKTESTER-001,MACDCross-000,EUR/USD.SIM,SIM-001,O-20251113-070000-001-000-399,O-20251113-230000-001-000-400,BUY,FLAT,0,100000,2025-11-13 07:00:00+00:00,1763074800000000000,2025-11-13 23:00:00+00:00,57600000000000,1.16158,1.16333,['4.65 USD'],0.00151,170.35 USD
EUR/USD.SIM-MACDCross-000-8fba7f2d-c8df-423a-8137-9eac60a446e0,BACKTESTER-001,MACDCross-000,EUR/USD.SIM,SIM-001,O-20251117-220000-001-000-401,O-20251118-110000-001-000-402,BUY,FLAT,0,100000,2025-11-17 22:00:00+00:00,1763463600000000000,2025-11-18 11:00:00+00:00,46800000000000,1.15942,1.15888,['4.64 USD'],-0.00047,-58.64 USD
EUR/USD.SIM-MACDCross-000-51d22152-4daa-4427-b35a-978ed3637ebc,BACKTESTER-001,MACDCross-000,EUR/USD.SIM,SIM-001,O-20251118-120000-001-000-403,O-20251118-160000-001-000-404,BUY,FLAT,0,100000,2025-11-18 12:00:00+00:00,1763481600000000000,2025-11-18 16:00:00+00:00,14400000000000,1.15955,1.15821,['4.64 USD'],-0.00116,-138.64 USD
EUR/USD.SIM-MACDCross-000-b3807642-7794-40d8-a44d-cb7acefffd26,BACKTESTER-001,MACDCross-000,EUR/USD.SIM,SIM-001,O-20251119-030000-001-000-405,O-20251119-090000-001-000-406,BUY,FLAT,0,100000,2025-11-19 03:00:00+00:00,1763542800000000000,2025-11-19 09:00:00+00:00,21600000000000,1.15861,1.15781,['4.64 USD'],-0.00069,-84.64 USD
EUR/USD.SIM-MACDCross-000-762c84e8-8a31-4092-9844-f648c96ca985,BACKTESTER-001,MACDCross-000,EUR/USD.SIM,SIM-001,O-20251119-110000-001-000-407,O-20251119-130000-001-000-408,BUY,FLAT,0,100000,2025-11-19 11:00:00+00:00,1763557200000000000,2025-11-19 13:00:00+00:00,7200000000000,1.15902,1.15768,['4.64 USD'],-0.00116,-138.64 USD
EUR/USD.SIM-MACDCross-000-149c0e2d-e899-4e64-8745-a00f16cb4ad2,BACKTESTER-001,MACDCross-000,EUR/USD.SIM,SIM-001,O-20251120-080000-001-000-409,O-20251121-100000-001-000-410,BUY,FLAT,0,100000,2025-11-20 08:00:00+00:00,1763719200000000000,2025-11-21 10:00:00+00:00,93600000000000,1.15247,1.15221,['4.60 USD'],-0.00023,-30.60 USD
EUR/USD.SIM-MACDCross-000-ae2d4b11-1bca-44f2-9258-2cec41923986,BACKTESTER-001,MACDCross-000,EUR/USD.SIM,SIM-001,O-20251124-020000-001-000-411,O-20251124-170000-001-000-412,BUY,FLAT,0,100000,2025-11-24 02:00:00+00:00,1764003600000000000,2025-11-24 17:00:00+00:00,54000000000000,1.15194,1.15221,['4.60 USD'],0.00023,22.40 USD
EUR/USD.SIM-MACDCross-000-a81d4647-b66f-480e-84aa-e7b3b5539224,BACKTESTER-001,MACDCross-000,EUR/USD.SIM,SIM-001,O-20251125-080000-001-000-413,O-20251126-070000-001-000-414,BUY,FLAT,0,100000,2025-11-25 08:00:00+00:00,1764140400000000000,2025-11-26 07:00:00+00:00,82800000000000,1.1534,1.15821,['4.63 USD'],0.00417,476.37 USD
EUR/USD.SIM-MACDCross-000-cdcfa2d3-ea09-4ab4-bea1-4f9c39c73ae5,BACKTESTER-001,MACDCross-000,EUR/USD.SIM,SIM-001,O-20251126-170000-001-000-415,O-20251127-050000-001-000-416,BUY,FLAT,0,100000,2025-11-26 17:00:00+00:00,1764219600000000000,2025-11-27 05:00:00+00:00,43200000000000,1.15969,1.16063,['4.64 USD'],0.00081,89.36 USD
EUR/USD.SIM-MACDCross-000-f6c98b77-76bb-45bb-b8c4-9140fd38074e,BACKTESTER-001,MACDCross-000,EUR/USD.SIM,SIM-001,O-20251128-150000-001-000-417,O-20251201-180000-001-000-418,BUY,FLAT,0,100000,2025-11-28 15:00:00+00:00,1764612000000000000,2025-12-01 18:00:00+00:00,270000000000000,1.16104,1.16158,['4.64 USD'],0.00047,49.36 USD
EUR/USD.SIM-MACDCross-000-154b70d6-edf8-49f6-a356-2b2a90e54c2f,BACKTESTER-001,MACDCross-000,EUR/USD.SIM,SIM-001,O-20251202-130000-001-000-419,O-20251202-150000-001-000-420,BUY,FLAT,0,100000,2025-12-02 13:00:00+00:00,1764687600000000000,2025-12-02 15:00:00+00:00,7200000000000,1.16198,1.1609,['4.64 USD'],-0.00093,-112.64 USD
EUR/USD.SIM-MACDCross-000-85dd8f74-c88c-4e8a-9fbd-a3c5ad9f1793,BACKTESTER-001,MACDCross-000,EUR/USD.SIM,SIM-001,O-20251202-190000-001-000-421,O-20251203-220000-001-000-422,BUY,FLAT,0,100000,2025-12-02 19:00:00+00:00,1764799200000000000,2025-12-03 22:00:00+00:00,97200000000000,1.16266,1.16754,['4.67 USD'],0.0042,483.33 USD
EUR/USD.SIM-MACDCross-000-d02c9cc2-a81d-4935-afab-22fe905e09f9,BACKTESTER-001,MACDCross-000,EUR/USD.SIM,SIM-001,O-20251204-110000-001-000-423,O-20251204-120000-001-000-424,BUY,FLAT,0,100000,2025-12-04 11:00:00+00:00,1764849600000000000,2025-12-04 12:00:00+00:00,3600000000000,1.16836,1.16727,['4.67 USD'],-0.00093,-113.67 USD
EUR/USD.SIM-MACDCross-000-cc48072c-9c66-4611-b671-63a3934f06ea,BACKTESTER-001,MACDCross-000,EUR/USD.SIM,SIM-001,O-20251205-050000-001-000-425,O-20251205-110000-001-000-426,BUY,FLAT,0,100000,2025-12-05 05:00:00+00:00,1764932400000000000,2025-12-05 11:00:00+00:00,21600000000000,1.16632,1.16496,['4.66 USD'],-0.00117,-140.66 USD
EUR/USD.SIM-MACDCross-000-119ec5db-2027-45d2-8424-7d596b015dde,BACKTESTER-001,MACDCross-000,EUR/USD.SIM,SIM-001,O-20251208-000000-001-000-427,O-20251208-130000-001-000-428,BUY,FLAT,0,100000,2025-12-08 00:00:00+00:00,1765198800000000000,2025-12-08 13:00:00+00:00,46800000000000,1.16537,1.16509,['4.66 USD'],-0.00024,-32.66 USD
EUR/USD.SIM-MACDCross-000-51da4936-0d19-4f2f-bae1-99fefb3bc681,BACKTESTER-001,MACDCross-000,EUR/USD.SIM,SIM-001,O-20251209-010000-001-000-429,O-20251209-130000-001-000-430,BUY,FLAT,0,100000,2025-12-09 01:00:00+00:00,1765285200000000000,2025-12-09 13:00:00+00:00,43200000000000,1.16496,1.16387,['4.66 USD'],-0.00094,-113.66 USD
EUR/USD.SIM-MACDCross-000-db5d9930-949c-48ac-b2cc-c03ce601e3d7,BACKTESTER-001,MACDCross-000,EUR/USD.SIM,SIM-001,O-20251210-050000-001-000-431,O-20251211-060000-001-000-432,BUY,FLAT,0,100000,2025-12-10 05:00:00+00:00,1765432800000000000,2025-12-11 06:00:00+00:00,90000000000000,1.16333,1.16932,['4.67 USD'],0.00515,594.33 USD
EUR/USD.SIM-MACDCross-000-de9081ee-c013-4ab1-894f-b981502a8427,BACKTESTER-001,MACDCross-000,EUR/USD.SIM,SIM-001,O-20251211-110000-001-000-433,O-20251211-210000-001-000-434,BUY,FLAT,0,100000,2025-12-11 11:00:00+00:00,1765486800000000000,2025-12-11 21:00:00+00:00,36000000000000,1.17165,1.17412,['4.69 USD'],0.00211,242.31 USD
EUR/USD.SIM-MACDCross-000-af750c5a-b7ca-48fd-96e9-feb004916dd6,BACKTESTER-001,MACDCross-000,EUR/USD.SIM,SIM-001,O-20251215-110000-001-000-435,O-20251215-190000-001-000-436,BUY,FLAT,0,100000,2025-12-15 11:00:00+00:00,1765825200000000000,2025-12-15 19:00:00+00:00,28800000000000,1.17523,1.17536,['4.70 USD'],0.00011,8.30 USD
EUR/USD.SIM-MACDCross-000-7617c9dd-a183-4a68-a805-ca5ee8b71265,BACKTESTER-001,MACDCross-000,EUR/USD.SIM,SIM-001,O-20251216-110000-001-000-437,O-20251216-180000-001-000-438,BUY,FLAT,0,100000,2025-12-16 11:00:00+00:00,1765908000000000000,2025-12-16 18:00:00+00:00,25200000000000,1.17661,1.17564,['4.70 USD'],-0.00082,-101.70 USD
EUR/USD.SIM-MACDCross-000-eb3a5e5a-38ad-43ff-bb4a-2bab4806628d,BACKTESTER-001,MACDCross-000,EUR/USD.SIM,SIM-001,O-20251217-140000-001-000-439,O-20251218-080000-001-000-440,BUY,FLAT,0,100000,2025-12-17 14:00:00+00:00,1766044800000000000,2025-12-18 08:00:00+00:00,64800000000000,1.17454,1.17343,['4.70 USD'],-0.00095,-115.70 USD
EUR/USD.SIM-MACDCross-000-c4cb54bb-9d7b-45c4-ad0e-c8928374f9bb,BACKTESTER-001,MACDCross-000,EUR/USD.SIM,SIM-001,O-20251219-000000-001-000-441,O-20251219-040000-001-000-442,BUY,FLAT,0,100000,2025-12-19 00:00:00+00:00,1766116800000000000,2025-12-19 04:00:00+00:00,14400000000000,1.17302,1.17206,['4.69 USD'],-0.00082,-100.69 USD
EUR/USD.SIM-MACDCross-000-05dcd4b5-6230-432d-a5c6-f91de637f3af,BACKTESTER-001,MACDCross-000,EUR/USD.SIM,SIM-001,O-20251219-130000-001-000-443,O-20251219-220000-001-000-444,BUY,FLAT,0,100000,2025-12-19 13:00:00+00:00,1766181600000000000,2025-12-19 22:00:00+00:00,32400000000000,1.1722,1.17151,['4.68 USD'],-0.00059,-73.68 USD
EUR/USD.SIM-MACDCross-000-a64e9721-0163-4023-abdd-0ddb0640e3c3,BACKTESTER-001,MACDCross-000,EUR/USD.SIM,SIM-001,O-20251222-000000-001-000-445,O-20251223-130000-001-000-446,BUY,FLAT,0,100000,2025-12-22 00:00:00+00:00,1766494800000000000,2025-12-23 13:00:00+00:00,133200000000000,1.17192,1.17786,['4.70 USD'],0.00507,589.30 USD
EUR/USD.SIM-MACDCross-000-abf857e0-a460-4014-98b3-d0f5f3239186,BACKTESTER-001,MACDCross-000,EUR/USD.SIM,SIM-001,O-20251223-230000-001-000-447,O-20251224-030000-001-000-448,BUY,FLAT,0,100000,2025-12-23 23:00:00+00:00,1766545200000000000,2025-12-24 03:00:00+00:00,14400000000000,1.1798,1.17911,['4.72 USD'],-0.00058,-73.72 USD
EUR/USD.SIM-MACDCross-000-ce257b49-a0a4-40ba-b18f-46593d96979d,BACKTESTER-001,MACDCross-000,EUR/USD.SIM,SIM-001,O-20251225-220000-001-000-449,O-20251226-060000-001-000-450,BUY,FLAT,0,100000,2025-12-25 22:00:00+00:00,1766728800000000000,2025-12-26 06:00:00+00:00,28800000000000,1.17855,1.17799,['4.72 USD'],-0.00048,-60.72 USD
EUR/USD.SIM-MACDCross-000-383bd744-b2ce-442b-a020-3d67a360cfb9,BACKTESTER-001,MACDCross-000,EUR/USD.SIM,SIM-001,O-20251226-130000-001-000-451,O-20251226-160000-001-000-452,BUY,FLAT,0,100000,2025-12-26 13:00:00+00:00,1766764800000000000,2025-12-26 16:00:00+00:00,10800000000000,1.17952,1.17689,['4.71 USD'],-0.00223,-267.71 USD
EUR/USD.SIM-MACDCross-000-9310c766-cb11-4972-8d28-e2afe6019c3c,BACKTESTER-001,MACDCross-000,EUR/USD.SIM,SIM-001,O-20251229-000000-001-000-453,O-20251229-040000-001-000-454,BUY,FLAT,0,100000,2025-12-29 00:00:00+00:00,1766980800000000000,2025-12-29 04:00:00+00:00,14400000000000,1.17841,1.17675,['4.71 USD'],-0.00141,-170.71 USD
EUR/USD.SIM-MACDCross-000-af43e4a5-6fe3-4ec5-8211-6e138b30841b,BACKTESTER-001,MACDCross-000,EUR/USD.SIM,SIM-001,O-20251229-080000-001-000-455,O-20251229-110000-001-000-456,BUY,FLAT,0,100000,2025-12-29 08:00:00+00:00,1767006000000000000,2025-12-29 11:00:00+00:00,10800000000000,1.17883,1.17689,['4.71 USD'],-0.00165,-198.71 USD
EUR/USD.SIM-MACDCross-000-cbc736a0-29c5-40a8-b60a-7d7100240f07,BACKTESTER-001,MACDCross-000,EUR/USD.SIM,SIM-001,O-20251229-140000-001-000-457,O-20251229-160000-001-000-458,BUY,FLAT,0,100000,2025-12-29 14:00:00+00:00,1767024000000000000,2025-12-29 16:00:00+00:00,7200000000000,1.17869,1.17619,['4.71 USD'],-0.00212,-254.71 USD
EUR/USD.SIM-MACDCross-000-aba3eac5-c779-43d8-9237-880fafebb3a1,BACKTESTER-001,MACDCross-000,EUR/USD.SIM,SIM-001,O-20251229-210000-001-000-459,O-20251230-090000-001-000-460,BUY,FLAT,0,100000,2025-12-29 21:00:00+00:00,1767085200000000000,2025-12-30 09:00:00+00:00,43200000000000,1.17772,1.17716,['4.71 USD'],-0.00048,-60.71 USD
EUR/USD.SIM-MACDCross-000-2e7764e4-5c66-4b54-bd39-90e4f93015ee,BACKTESTER-001,MACDCross-000,EUR/USD.SIM,SIM-001,O-20251230-100000-001-000-461,O-20251230-110000-001-000-462,BUY,FLAT,0,100000,2025-12-30 10:00:00+00:00,1767092400000000000,2025-12-30 11:00:00+00:00,3600000000000,1.17772,1.17702,['4.71 USD'],-0.00059,-74.71 USD
EUR/USD.SIM-MACDCross-000,BACKTESTER-001,MACDCross-000,EUR/USD.SIM,SIM-001,O-20251231-110000-001-000-463,O-20251231-230000-001-000-464,BUY,FLAT,0,100000,2025-12-31 11:00:00+00:00,1767222000000000000,2025-12-31 23:00:00+00:00,43200000000000,1.17509,1.17495,['4.70 USD'],-0.00012,-18.70 USD
